offset,text_target
0x19143c,"Estimada irmã, parece que o chá está pronto."
0x19146b,Hm. Ah... Um aroma delicioso.
0x191485,Tive a sorte de conseguir essas\n
0x1914b8,folhas de Nagira... Chá de uma vez na vida\n
0x1914ea,"raridade. O custo era elevado, mas valeu cada moeda."
0x19151b,Muito bem feito. Parece que você melhorou\n
0x19154d,habilidades também.
0x19155d,Vossa aprovação é minha justificação.
0x19157e,"Desejaria um pouco também, Kiwru?"
0x1915a2,"Por favor, sim..."
0x1915b1,"...Então... vocês dois estão fazendo o quê aqui, exatamente?"
0x1915df,"Quando volto ao Hakurokaku, encontro a Nosuri\n"
0x191612,e Ougi ali metendo lenha feito se fossem donos do lugar.
0x191644,Oh? Finalmente voltou! Nos deixou todos\n
0x191673,esperar.
0x19167c,Não me culpe. Não me lembro de alguém ter\n
0x1916a9,"marcar hora. Então, o que você quer?"
0x1916d5,Do que você está falando? Foi você que\n
0x191704,que nos mandou vir pra aqui.
0x19171f,Hein?
0x191724,É exatamente por isso que viemos até aqui.\n
0x191753,Nos rejeitar agora... Que homem sem coração!
0x19177d,"Ei, espera. Não me lembro de ter dito nada\n"
0x1917ae,assim.
0x1917b9,"Hahaha! Que cara, hein! A propósito, já é\n"
0x1917e4,hora do almoço? Estou faminto! Hoje quero\n
0x191812,pensando... aves de criação.
0x191827,...Não tem jeito.\n
0x19183e,Ela não está ouvindo.
0x191853,"O que foi, Haku? Sua\n"
0x19187e,sua expressão denota uma mudança... amarga.
0x1918a8,"Argh... Escuta, posso ter um momento?"
0x1918cb,Arrasto Ougi para um canto do cômodo.
0x1918f0,"Sua irmã não me ajuda nada, então vou\n"
0x191921,pra te perguntar...
0x19192f,Por que vocês dois ainda estão na capital? Achei\n
0x191961,que iam se esconder até as coisas acalmarem\n
0x191990,logo.
0x191996,"Aha... Pela sua reação, imagino que você\n"
0x1919c7,não ouviram notícias de Oshtor.
0x1919ec,Ele arranjou as coisas para que a gente fique\n
0x191a1b,"aqui também. Você precisa de mais ajuda,\n"
0x191a4c,vocês não?
0x191a58,A proposta de Oshtor foi bem favorável\n
0x191a87,também nos afeta.
0x191a97,"Acho uma boa ideia, Haku. Com o Ougi do nosso\n"
0x191aca,"lado dele, conseguimos realizar muita coisa."
0x191afc,"Primeira vez que ouço! Precisamos de mais aliados,\n"
0x191b2e,mas queria que me perguntassem antes para essas\n
0x191b5f,grandes decisões...
0x191b70,"Me desculpe, mas se esperássemos, teríamos\n"
0x191ba1,que abandonar nossos companheiros sem lar\n
0x191bd1,ruas.
0x191bda,A decisão foi só minha. Se quiser culpar alguém\n
0x191c0d,"para culpar, assumo toda a\n"
0x191c33,responsabilidade.
0x191c43,"Ah, não posso culpá-lo por querer manter seus\n"
0x191c73,da turma ficar sem casa...
0x191c8f,Não sei bem do que vocês estão resmungando...\n
0x191cc1,mas é raro ver o Ougi tão próximo de outros.
0x191cf2,Nosuri pensa em voz alta enquanto nos vê sussurrando\n
0x191d25,um com o outro.
0x191d38,...Er... Rulutieh?
0x191d4b,A gente também teve um fardo assim.\n
0x191d6b,Acreditava que havíamos chegado a um entendimento.
0x191d92,Um entendimento... certo...
0x191daf,Será que ele quis dizer o incidente com Moznu...?\n
0x191dd5,Não sei se teve algum momento em que senti\n
0x191e02,PERTO desse cara...
0x191e17,"Bom, fico feliz que estejam se dando bem. Afinal,\n"
0x191e49,parece que vamos ficar aqui por um tempo.
0x191e6f,...Você tem certeza que está OK com isso? E quanto\n
0x191e9d,tudo aquele negócio de 'ressuscitar sua casa nobre'?
0x191ecd,Você podia ser mais sutil sobre querer que fossem\n
0x191efe,sai! Tem um pouco de respeito.
0x191f15,"Não, nem liga para isso.\n"
0x191f30,Ressuscitar a casa... hm...
0x191f4e,Nosuri olha para o horizonte por um\n
0x191f81,"momento... depois solta um suspiro triste, continuando."
0x191fb1,Esses últimos incidentes definitivamente...\n
0x191fdf,colocou aquele futuro além do nosso alcance.
0x192001,"Ah, isso... Me desculpe, não sei bem o que\n"
0x192030,posso dizer...
0x19203b,"Nekone hesita, perturbada pelo semblante sombrio\n"
0x192069,"de Nosuri... mas a bandida aperta o punho,\n"
0x192098,resoluta.
0x1920a2,Porém! Não há razão para perdermos a esperança!
0x1920ce,Vou aguardar meu momento e um dia recuperar nossa\n
0x1920fe,"honra! Até lá, fico quieta aqui e planejo meu\n"
0x19212f,triunfo.
0x192138,"Bem, eu... eu vejo..."
0x19214b,E isso foi um pedido do próprio Oshtor!\n
0x192179,Quem seria grosseiro o suficiente para recusar\n
0x1921ac,súplicas?
0x1921b3,Nosuri não consegue esconder o sorriso orgulhoso\n
0x1921e3,uma proclamação.
0x1921f1,...Será que podemos deixá-la assim?\n
0x19221e,Parece que ela está ficando grandona.
0x192244,Vou continuar no meu único dever de apoiar\n
0x192274,minha querida irmã.
0x192284,Você não poderia ao menos tentar repreendê-la?\n
0x1922b1,É por isso que ela sempre estraga as coisas.
0x1922dd,Tenho certeza de que o Irmão pensou bem nisso\n
0x19230c,... Teve algo específico que ele pediu\n
0x19233e,de vocês?
0x192346,"Bom, ele disse que só precisávamos ajudar você\n"
0x192377,"pessoal. E com a gente aqui, seus problemas\n"
0x1923a6,acabou!
0x1923ac,"Que notícia maravilhosa! Não é, Haku?"
0x1923d0,"...Ou seja, mais encrenca pra mim."
0x1923f8,Não consigo evitar um suspiro. Mas de repente\n
0x192426,me bate.
0x19242f,"Espera. Bandidos ou não, tem uma porção de\n"
0x192461,eles. Se todos eles ficarem por um tempo...
0x192491,Que equipe grande trabalhando para mim!\n
0x1924c0,Acho que podemos esquecer de estar com falta de gente.
0x1924f1,"Qualidade antes de quantidade era o plano até aqui,\n"
0x192523,mas foi ficando pesado. E agora não preciso\n
0x192553,patrulhas noturnas!
0x192562,"Ao pensar no meu futuro brilhante, não consigo\n"
0x192594,"não consigo deixar de sorrir. Ougi se vira, seu próprio sorriso plácido."
0x1925c5,Receio que os outros não nos acompanhem.
0x1925f5,...Hein?
0x1925fd,Do que você tá falando? Você veio com uma turma inteira\n
0x192630,de pessoas trabalhando para você.
0x19264b,Exato. Não faria sentido abrigar\n
0x19267e,tantos fugitivos em segredo.
0x19269d,Eu... acho que você tem razão.
0x1926ba,"Então, usando as conexões de Oshtor, nós\n"
0x1926e6,arranjamos emprego pra eles nas aldeias\n
0x192718,perto.
0x192720,Então isso significa... Os únicos aqui no\n
0x19274f,Hakurokaku são...
0x192761,"Nós dois, apenas."
0x192775,"Argh... Não, até duas pessoas é mais do que antes!\n"
0x1927a9,Sair de trampos ruins deve ser muito mais\n
0x1927d6,mais fácil.
0x1927de,Tudo bem então... Acho que vamos começar\n
0x19280f,com alguns documentos.
0x192828,Melhor se livrar logo do serviço mais chato\n
0x192858,por aqui...
0x192867,Não... Acho que esse tipo de serviço devia ficar\n
0x192897,para pessoas que têm real habilidade nisso.
0x1928be,Que?
0x1928c4,Temo que não tenho grande aptidão para\n
0x1928f1,eshcrita e cálculo. Ash coishash... correm\n
0x192921,saiu mal.
0x19292d,"Mal, hein...? Olha, você podia ao menos demonstrar\n"
0x19295d,esforço antes de desistir assim.
0x192980,"Para eshelaresher... shempre que tento, uma tonteira\n"
0x1929af,me domina e eu deshmaiço.\n
0x1929d7,É fútil!
0x1929e4,"Ou seja, você simplesmente dorme no meio do\n"
0x192a15,trabalho. Ótimo.
0x192a21,E quanto à ronda? Isso não exige\n
0x192a52,muito cérebro.
0x192a63,Esplêndida ideia! Minha primeira rota de ronda deve shir\n
0x192a95,"pelas cashas de jogo, pois a shegurança costuma sher\n"
0x192ac7,pobre demais--
0x192ad5,Convém não aparecer sem necessidade\n
0x192b08,em público. Oshtor ainda quer que a gente fique quieto\n
0x192b3b,por um tempo.
0x192b48,"Hum... É asshim? Bom, shupondo que é o que é,\n"
0x192b7a,então.
0x192b80,Também preciso pedir que você não frequente\n
0x192bb4,casas de jogo. Podemos ser reconhecidos a qualquer\n
0x192be6,vez.
0x192bec,"E-Espera, não acho que precisa ir tanto assim\n"
0x192c1a,longe...!
0x192c22,Receio que devamos.
0x192c36,"Nosuri deixa os ombros caírem, decepcionada.\n"
0x192c67,"Estou fazendo o mesmo, por razões diferentes."
0x192c92,Oshtor também pediu minha ajuda em certos assuntos\n
0x192cc5,"de espionagem, então posso não ter tempo pra muita\n"
0x192cf5,mais.
0x192cfb,"Sem trabalho de escritório, e sem ronda... Mas o que\n"
0x192d2c,esses dois... servem pra...?
0x192d4b,Hm! Acho que o máximo que a gente pode fazer é\n
0x192d7a,prenderemos. Deixa com a gente! Hahahaha!
0x192da1,Nosuri conclui com uma risada orgulhosa. De repente\n
0x192dd1,uma tontura me invade.
0x192deb,"Segura a onda, Haku. Não é como se fossem\n"
0x192e1b,cortar nosso orçamento. É só fingir que não estão\n
0x192e4b,mesmo aqui...
0x192e58,"Ah, e também ouvi que você vai pagar pela nossa\n"
0x192e88,ficar aqui. Sua generosidade o honra!
0x192eb4,...Quê!?
0x192ebe,"Sim, foi o que nos disseram Oshtor."
0x192ee9,"...Isso é verdade, Kiwru?"
0x192f01,"Acho que as palavras do Irmão foram: ""Tenho certeza\n"
0x192f2e,de que o Senhor Haku consegue se virar sem nenhum\n
0x192f5d,"problemas."""
0x192f68,Esse IDIOTA. Simplesmente não quis lidar com\n
0x192f99,nenhum disso por si mesmo.
0x192fae,Já não tenho nem vontade de reclamar mais.\n
0x192fe0,"Não tenho certeza se Kuon percebe, mas ela fala."
0x193012,...Talvez precisemos cortar umas coisas.
0x193040,"Espera, cortar? Cortar o quê? Por que ela\n"
0x19306f,suspirando...? E por que está olhando pra MIM?
0x193099,Mas pensar que chegaria o dia em que eu ficaria no\n
0x1930ca,Hakurokaku como hóspede de verdade... É\n
0x1930f5,espantoso.
0x193101,Você teve algumas memórias aqui?
0x193122,É um pouco complicado... Nunca se sabe\n
0x193152,"onde o destino vai te levar, suponho."
0x193177,"...Ei, volta aí. O que você quer dizer com\n"
0x19319d,"""convidado apropriado""?"
0x1931ad,Hahaha... Então nem você sabia de nada.
0x1931d9,"Nós, os Bandidos Nosuri, usávamos o\n"
0x193207,porão do Hakurokaku como esconderijo\n
0x193234,por eras!
0x19323e,"Para esclarecer, ela se refere só a nós dois."
0x193261,O que significa que essas duas estavam planejando ficar\n
0x193293,aqui desde o começo...
0x1932aa,"...U-Um, trouxe um chá."
0x1932ca,"...Ah, obrigado."
0x1932d9,"Ainda rígido pelo susto, aceito com gratidão\n"
0x19330b,o chá de Rulutieh. Algumas folhas de chá ainda\n
0x193337,flutuando...
0x193343,...Hm. Dizem que isso significa boa sorte no\n
0x193374,horizonte...
0x19337f,"Não, tenho certeza. Algo bom está bem ali na\n"
0x1933ac,do canto...
0x1933ba,...Chá.
0x1933c2,"Preparamos chá para você, Mestre."
0x1933e4,"Uh... Hein? Bom, já tenho--"
0x193408,Aproveite.
0x19340f,Uh... Ótimo. Obrigado.
0x193424,"Ahn, também tenho uns petiscos.\n"
0x193443,Hoje preparei uns torayaki.
0x193463,"Ah, obrigado! Mm, parece bom."
0x193484,Petiscos.
0x19348c,"Por favor, sirvam-se. Preparamos\n"
0x1934b9,takoyaki hoje.
0x1934c9,"Uh, não tenho certeza se consigo comer tudo ist--"
0x1934ee,...Nmph.
0x1934f7,Ahn...
0x1934fd,"Por favor, não me diga que isso é para ser o\n"
0x19352f,boa sorte...
0x19353f,"Enquanto resmungo, ouço passos apressados vindo\n"
0x19356e,"mais perto, e a porta deslizante se abre com um baque."
0x19359e,Obrigado a todos pelo caloroso acolhimento!
0x1935c2,Com licença.
0x1935cd,Ótimo. Mais encrenca...
0x1935e4,Todo mundo já foi se acostumando às visitas da princesa\n
0x193617,por essa altura. Mas ela causou impacto em uma\n
0x193643,pessoa...
0x19364d,A-Sua Alteza--
0x19365f,"Nosuri estava reclinada, mas se levanta de um salto,\n"
0x19368e,apressadamente tentando mostrar deferência a Anju.
0x1936ba,"Fique à vontade! Sem necessidade de tantas formalidades, Nosuri."
0x1936ec,mas...
0x1936f3,"Somos amigas, não somos? E não há necessidade\n"
0x193726,agir tão humildemente entre amigas.
0x193748,Sua Alteza... A-Ainda sou sua amiga?\n
0x193775,"Eu, cuja família está em desgraça, e que\n"
0x1937a0,desrespeitei você assim...?
0x1937b8,"Fui eu quem causou tanto trabalho para vocês,\n"
0x1937e7,Nosuri. Devo pedir seu perdão.
0x193810,"Não sou digno de palavras tão gentis,\n"
0x193836,Sua Alteza...!
0x193848,Nosuri parece profundamente tocada pelas palavras de Anju.\n
0x193875,consigo ver lágrimas brotando nos olhos dela também...
0x1938a4,"É claro que, da minha perspectiva, as duas\n"
0x1938d6,não são nada além de incômodo...
0x1938f1,Sentado no canto do repentinamente barulhento\n
0x19391f,"sala, sinto uma repentina sensação de vazio."
0x193946,Isso não significa apenas que temos mais inúteis\n
0x193976,vadios passeando pelo lugar agora...?
0x1939a0,...Esquece. Não vou pensar nisso.
0x1939cb,Desvio os olhos do futuro caótico à minha frente\n
0x1939fe,e foco em aproveitar o chá enquanto ainda\n
0x193a2f,consigo.
0x194ac7,Nnh... argh...
0x194ad6,Que calor...
0x194ae0,...Parece que... ainda é de madrugada.\n
0x194b13,O calor me acordou.
0x194b2b,Por que tá tão quente...? Até sujei de suor.\n
0x194b5e,"Ugh, todo pegajoso..."
0x194b71,"É bom ter a cama aquecida, mas quando fica\n"
0x194ba4,quente assim--\n
0x194bb1,Hein?
0x194bb6,*Squissh*
0x194bbf,"Algo muito mais pesado, quente e macio do que\n"
0x194bf1,um lençol está grudado no meu corpo.
0x194c13,"Estendo a mão com cuidado para descobrir o que é,\n"
0x194c41,e sinto algo macio e liso.
0x194c65,Nnh...? Quá...?
0x194c74,O torpor vai cedendo enquanto percebo que\n
0x194ca7,claramente não é um lençol. Olho ao lado e encontro--
0x194cda,Quá--!? Que diabos vocês dois estão fazendo!?
0x194d00,As gêmeas devem ter se enfiado debaixo do meu cobertor.\n
0x194d2f,"Estão ali deitadas, grudadas em mim."
0x194d54,Acompanhando você na cama.
0x194d6d,"Estávamos com medo de que o senhor sentisse frio, Mestre.\n"
0x194d9d,Decidimos manter você aquecido assim.
0x194dc7,C-Completamente nu...?
0x194dde,Essas duas fazem tudo o que podem para cuidar de mim.\n
0x194e0e,"Acordar, jantar, limpar o quarto, fazer\n"
0x194e3e,roupa suja...
0x194e49,Mas elas também aparecem de roupas sumárias\n
0x194e7c,"para me dar banho, e agora isso.\n"
0x194ea4,Nu na cama.
0x194eb2,"A situação só piora, e por algum motivo EU\n"
0x194ee1,"sempre saio como o vilão, mas me sinto mais como\n"
0x194f11,vítima.
0x194f19,Vamos manter você aquecido.
0x194f30,"Mestre, se o senhor estiver com frio, pode nos abraçar\n"
0x194f63,nos abraça mais perto.
0x194f6e,Argh... Isso é ruim. Se alguém me visse assim\n
0x194f9b,isto...
0x194fa3,"Minha vida não é da conta deles, mas quando\n"
0x194fd6,me olham com aquele desprezo nos olhos.\n
0x195004,Isto é...
0x19500c,"Bate fundo, sabe."
0x195024,Mestre.
0x19502c,"Estamos sendo úteis, Mestre?"
0x195050,"É-é, sim... Acho que sim."
0x195067,Tudo pelo nosso Mestre.
0x19507b,"Faremos tudo o que pudermos para servi-lo, Mestre."
0x1950a8,"Bom, não se esforcem demais, não.\n"
0x1950ce,Não vai adiantar nada se vocês se esgotarem\n
0x1950fd,e desabo.
0x19510b,Que terno.
0x195118,Suas palavras carinhosas nos trazem uma alegria inimaginável.
0x195145,*Suspiro* Que diabos se supõe que eu faça?
0x19516f,"Queria que parassem com esse servilismo excessivo, mas\n"
0x1951a2,"se falar errado, vão se sentir rejeitadas.\n"
0x1951cf,E isso seria ruim.
0x1951e2,Acabaria do mesmo jeito que antes...
0x195202,"Olá, Senhor Haku... Deixe-me servir um pouco de\n"
0x195231,chá...
0x195238,"Ah, obrigado."
0x195244,chá.
0x195249,"Também preparamos uns conservados para o senhor,\n"
0x195279,"como petisco. Por favor, aproveite com o chá,\n"
0x1952a7,"Uh, sim... Obrigado."
0x1952bb,Os olhares de Nekone e Rulutieh doem de verdade\n
0x1952e7,agora...?
0x1952f4,Nekone me olha como se eu fosse coisa de outro\n
0x195325,lixo.
0x19532e,E Rulutieh parece um pouco triste por causa delas\n
0x19535c,assumindo o trabalho dela... Ou ela está fazendo bico?
0x195386,O olhar que ela me lança parece quase sem vida...\n
0x1953bc,"Nah, que estou falando. Deve ser coisa da minha cabeça."
0x1953eb,Uma massagem.
0x1953f6,Parece que seus ombros estão tensos.\n
0x19541b,"Se houver algum lugar que esteja incomodando,\n"
0x19544a,por favor nos avise.
0x19545e,*Esfrega* *esfrega*
0x19546a,"Ahn... Tão perto assim, não? Tem\n"
0x195496,algo macio na nuca.
0x1954bd,Bônus.
0x1954cd,Ouvimos que os homens preferem massagens\n
0x1954fc,Por aqui.
0x195506,É CLARO que foi de propósito!
0x195523,Acho que preciso deixar isso claro de uma vez\n
0x195553,para todos.
0x19555c,"Olha, eu realmente aprecio as duas de vocês\n"
0x19558a,"cuidando de você, mas não precisa ficar aqui--"
0x1955bc,"Mas antes de terminar a frase, as gêmeas\n"
0x1955f0,rostos de repente endureceram.
0x195607,Não somos úteis para nada?
0x195619,"Fomos um fardo para você, Mestre?"
0x19563f,"Não, não, vocês não são um fardo... Estou dizendo\n"
0x195670,"que em vez de se preocupar comigo, façam o que VOCÊS\n"
0x1956a2,realmente queremos.
0x1956af,O que nós--
0x1956b9,Realmente queremos?
0x1956c6,As duas nem hesitam por um segundo. Elas\n
0x1956f7,"me abraçam, minha cabeça entre seus peitos."
0x195728,Você é nosso Mestre.
0x19573d,"Tudo o que desejamos é poder servi-lo,\n"
0x19576d,A-Ao menos parem de ficar grudadas em mim\n
0x19579f,a hora?
0x1957a9,Isso te incomoda?
0x1957be,"Somos incômodo para você, Mestre?"
0x1957de,"Um fardo...? Não exatamente, mas vocês duas não\n"
0x19580f,acha que está exagerando um pouco aqui?
0x19583b,"De repente, sem hesitar, as duas sacam\n"
0x19586e,adagas de defesa das bainhas.
0x195897,...Hein?
0x19589f,Devemos estar juntos com nosso Mestre.
0x1958c4,Esse é o propósito de nossa existência. Se\n
0x1958f2,"não podemos cumprir nosso propósito, somos desnecessários."
0x195922,"Dito isso, as duas imediatamente\n"
0x195952,levantam as adagas para a garganta.
0x195975,"Quê--!? Ei, maldição, parem!"
0x195990,Chega disso.
0x1959a7,Ah...
0x1959ad,"Não sei quando Kuon chegou, mas ela está\n"
0x1959d9,"de repente ali, com dois dedos pinçando\n"
0x195a06,cada lâmina.
0x195a12,Prefiro que não haja derramamento de sangue aqui\n
0x195a42,"sala, acho."
0x195a51,"Kuon sorri, como quem repreende com carinho uma\n"
0x195a7f,criança.
0x195a86,"E Haku não quer que as duas morram,\n"
0x195ab5,né?
0x195abc,C-Certo...
0x195ac7,O-O que há de errado com essas duas...?\n
0x195aed,"Se Kuon não as tivesse detido agora, elas teriam\n"
0x195b1e,se mataram...
0x195b33,Sem hesitar nem um instante...\n
0x195b58,Esses dois estão loucos!
0x195b6d,"Depois disso, de algum jeito conseguimos convencê-las\n"
0x195b9f,"de que eu não queria vê-las morrer, e agora aqui\n"
0x195bd1,são.
0x195bd6,Essa lealdade... é devoção pura e sem interesse.\n
0x195c06,É pesado demais pra mim... O que diabos é que eu\n
0x195c36,Eu faço?
0x195c3c,"Não posso simplesmente recusá-las, mas se eu deixar\n"
0x195c6d,"fazerem o que quiserem, minha imagem de cavalheiro vai\n"
0x195c9c,fumaça.
0x195ca3,"Enquanto fico pensando nisso, as duas encostam seus\n"
0x195cd3,seios nos meus braços e enrolam as pernas\n
0x195d01,ao meu redor.
0x195d0e,Tão quente.
0x195d17,"Você tem tal calor interior, Mestre."
0x195d3b,Está quentinho porque vocês estão na minha cama!\n
0x195d61,Não precisa falar tudo esquisito assim!
0x195d8f,"Maldição, como isso chegou a isso...?"
0x197336,*Puxa* *sussurra*...
0x197348,Hum...?
0x19734f,"Por favor, acorda."
0x19735f,Pedimos desculpas por perturbá-lo a esta\n
0x19738f,"hora, Mestre."
0x19739d,"De madrugada, sinto alguém me sacudindo para acordar.\n"
0x1973cf,Minha cabeça ainda está bem embaçada ao acordar.
0x197400,Mestre.
0x197408,Que sono... Que horas são? O que é tão importante\n
0x19743c,que tenho que acordar agora...?
0x19745a,Empurro a névoa do sono e abro os olhos.
0x19748c,...Hm...
0x197495,Ai!
0x19749a,"Desvio como posso, vendo os lábios das gêmeas\n"
0x1974ca,vindo direto na minha direção.
0x1974e3,Ah...
0x1974e9,M-Mas que diabos vocês dois estão tentando fazer!?
0x197517,Um beijo para acordá-lo?
0x19752e,"Estávamos tentando despertá-lo, Mestre."
0x197554,Não teriam um jeito mais normal de fazer isso?
0x197584,Meu Deus. Não dá pra baixar a guarda nem por um SEGUNDO\n
0x1975b5,perto desses dois.
0x1975c7,"Já me acostumei com elas dormindo na minha cama,\n"
0x1975f6,mas a nudez... aí já é demais.
0x19761c,A última coisa que quero é fazer algo idiota\n
0x19764e,enquanto ainda estou meio adormecido...
0x19766d,Então por que me acordam tão tarde?
0x197694,Mestre Mito o chama.
0x1976af,Ele o convidou novamente para seu domínio.
0x1976dc,"Mestre Mito... Ah, aquele senhor velho?"
0x1976fd,...*Acena*
0x197706,Sempre tem que fazer isso no meio da noite.\n
0x197738,Foi a mesma coisa na outra vez também...
0x19775a,Mestre Mito é um homem muito ocupado.
0x19777a,É apenas em tais horas que ele pode receber.
0x1977a9,Como um vendedor de crepe aposentado pode ser tão ocupado?
0x1977d8,"Bom, tanto faz. O velho claramente tem muita\n"
0x19780b,cheio de segredos mesmo.
0x19781e,"E quanto à identidade dele... bom, acho que já\n"
0x19784e,tenho um palpite bem bom.
0x197867,"Provavelmente é melhor não bisbilhotar, mesmo sabendo\n"
0x197897,"o que está acontecendo, né...?"
0x1978b2,"Digo, gosto de conversar com ele."
0x1978d4,E aquela mulher misteriosa com ele... Honoka.
0x197902,Certo. Vou me trocar.\n
0x197923,Aguarde um instante.
0x197938,Já preparamos tudo.
0x197955,Aqui estão suas roupas limpas.
0x197975,"Ah, obrigado."
0x197981,Vamos ajudá-lo.
0x19798f,Permita-nos despi-lo.
0x1979a8,Quê--? Eu consigo me trocar sozinho!
0x1979d3,E vocês param de se aproximar! Estou vendo!
0x197a05,Nem... um... segundo.
0x197a1e,"Saio para a rua iluminada pela lua, guiado pelos gêmeos."
0x197a50,"Assim como na noite anterior, uma névoa surge ao redor\n"
0x197a82,"de nós, e perco o senso de direção por onde\n"
0x197ab1,indo.
0x197ab8,"Depois de uma longa caminhada na névoa, Uruuru e\n"
0x197ae9,Saraana para diante de uma porta grande.
0x197b0b,"Bem-vindo, querido hóspede."
0x197b21,eu passamos e o encontramos... Mito... sentado\n
0x197b51,"ali, sorrindo enquanto me recebe."
0x197b76,Peço desculpas por tê-lo chamado a esta\n
0x197ba7,hora. Deve ter sido bem incômodo.\n
0x197bce,incômodo.
0x197bdd,"Honoka está ao lado dele, sorrindo\n"
0x197c08,pedindo desculpas para mim.
0x197c1e,"Bom, não é que... De qualquer forma, tinha alguma\n"
0x197c49,algo que quer de mim?
0x197c67,...Não consigo. Estava pronto pra reclamar\n
0x197c9a,"por me acordarem, mas não depois de um pedido assim.\n"
0x197ccc,disso.
0x197cd2,"Hm. Não tenho nada específico a tratar com você, mas\n"
0x197d05,Adquiri recentemente algumas bebidas e comidas de qualidade.
0x197d38,"então pensei em convidá-lo para me acompanhar,\n"
0x197d69,obrigado pela outra vez.
0x197d7f,"Com isso, as gêmeas reaparecem com uma grande bandeja,\n"
0x197db2,e começam a pôr na mesa coisas lindas\n
0x197ddd,iguarias.
0x197de9,"Por favor, sente-se."
0x197dfe,P-Pode deixar...
0x197e08,Aceito o lugar oferecido e sento de frente para o\n
0x197e3b,velhote.
0x197e44,"Por favor, não seja modesto. Temos o suficiente\n"
0x197e73,bebida para matar a sede de qualquer homem.
0x197e9a,Aproveite.
0x197ea1,"Pode comer o que quiser, Mestre."
0x197ecf,"Quando essas duas falam, soa muito mais\n"
0x197efd,mais provocante do que deveria...
0x197f16,"Ah, tanto faz. Melhor aceitar o que\n"
0x197f41,aproveito a hospitalidade e como.
0x197f59,...Provavelmente não devia pensar nisso demais\n
0x197f89,se estão oferecendo bebida grátis.
0x197fad,O banquete do velho não foi só\n
0x197fd1,parece linda.
0x197fe0,Era como se... tivessem escolhido só o melhor de\n
0x198013,"o melhor, servido exclusivamente."
0x19803a,Entendi. Que circunstâncias extraordinárias...
0x198065,O velho ouve contente enquanto eu falo sobre\n
0x198097,coisas mundanas que ocorreram desde nosso último encontro.
0x1980c7,Deve ter sido uma prova difícil para você...
0x1980f6,Honoka também fala de vez em quando.
0x19811f,"Não é tão ruim quanto parece, mas sim.\n"
0x198150,As coisas eram bem ásperas.
0x19816a,"Bebo um pouco mais que o normal, já que as gêmeas\n"
0x19819e,estão reabastecendo meu copo quando fica baixo.
0x1981cd,"Enquanto vou falando, sinto a bebida\n"
0x1981f9,começando a subir à minha cabeça.
0x198214,água.
0x19821b,Algo para te deixar sóbrio.
0x198236,Droga. Me empolguei um pouco com\n
0x198265,bar aberto. Talvez tenha bebido demais...
0x19828a,"O velho sorri, satisfeito, e bebe o\n"
0x1982ba,chá quente que a Honoka derramou pra ele.
0x1982e0,...Fico feliz em ver essas duas sendo úteis\n
0x19830d,com você.
0x198315,Ahn... Sim. Me ajudam bastante cuidando de\n
0x198348,as coisas do dia a dia.
0x19835c,"...Parece que têm uns parafusos soltos,\n"
0x19838b,"é claro, mas são bem úteis."
0x1983b3,Hm. É bom ouvir isso. Então eu acertei ao\n
0x1983e3,designando-os pra você.
0x1983fa,...Hm?
0x198401,...Feliz que são úteis?\n
0x198421,Designando pra mim?
0x198437,"...Bom, elas seguem minhas ordens, mas é\n"
0x19846a,"bem claro que obedecem o velho, pelo menos\n"
0x198499,Por ora.
0x1984a2,Parece que ele não está tentando esconder a identidade\n
0x1984d3,mais.
0x1984d9,E isso quer dizer que fui arrastado para\n
0x198507,segredo do velho agora...
0x198526,Olho a expressão conhecedora do velho.
0x198554,Acho que devo ter dito coisas que não devia\n
0x198586,tenho.
0x19858c,Aconteceu alguma coisa?
0x1985a5,...Não. Não realmente.
0x1985b8,"Melhor deixar as coisas como estão,\n"
0x1985eb,e finjo que ainda tô no escuro.
0x19860e,Hmhm...
0x198616,Ho ho ho...
0x198622,"Com uma expressão alegre, o velho continua\n"
0x198656,me observando.
0x198663,"A propósito, meu caro hóspede..."
0x198682,Ah... Sim?
0x19868d,Já provou daquelas duas?
0x1986b1,"O olhar do velho se volta para as gêmeas, paradas\n"
0x1986e4,em cada lado de mim.
0x1986fa,...Hein?
0x198702,Apenas pergunto se tem desfrutado da companhia delas\n
0x198730,companhia no seu máximo ainda.
0x198750,...Ãh...
0x198759,Leva um segundo pro sentido dele entrar.
0x198787,*Respingo*
0x198790,"Opa--ai, quente!"
0x1987a0,Ah não... Deixa eu ajudar.
0x1987bd,"Por acidente derrubro meu chá, e Honoka\n"
0x1987ec,vem secar o derramamento.
0x19880f,"Ahn, desculpa aí."
0x198825,"Imagino que você ainda não deitou com nenhuma delas, né?"
0x198857,"Que... ""Deitar""? É sério?"
0x19886f,Senhor Haku... O senhor está insatisfeito com a gente\n
0x19889e,garotas?
0x1988a5,"Não, não é isso-- Espera, o que você está\n"
0x1988d2,dizendo?!
0x1988db,"Olha, eu sei que aceitei, mas não acho que deveria\n"
0x19890d,me dá o direito de... FAZER... coisas com elas.
0x198940,"Quer dizer, você tem que respeitar os sentimentos delas, e..."
0x198973,"Ora, está mais que claro o papel dessas garotas\n"
0x1989a4,duas querem de você.
0x1989b7,Sempre pronto.
0x1989c5,"Estamos prontas para qualquer pedido, a qualquer hora,\n"
0x1989f4,lugar nenhum.
0x1989fe,Argh...
0x198a06,Certo... Esqueci...
0x198a1b,Não exagero ao dizer que essas garotas\n
0x198a4b,nasceram para o senhor. Não lhes faça mal tratando-as\n
0x198a7e,friamente.
0x198a86,O que você quer dizer com isso...?
0x198aa3,Tão sozinho...
0x198ab0,"Se você nos ignorar assim, Mestre... a morte pode vir."
0x198adf,"P-Espera, é sério...?"
0x198af2,para você.
0x198afb,Por que eu!?
0x198b04,Ho ho ho... sua companhia é sempre tão\n
0x198b30,deleite.
0x198b39,"Olha, isso não é pra brincar!"
0x198b5b,Ele falou uma coisa meio preocupante lá atrás...\n
0x198b8e,"Eh, tanto faz. Provavelmente não é importante."
0x198bb9,Não importa quem esse velho realmente é.
0x198be7,"O que importa é que aqui e agora, a gente está\n"
0x198c16,se divertindo tomando juntos.
0x198c3c,Tenho certeza que é isso que eles querem também...
0x199b70,"Depois de terminar o trabalho, estou relaxando no quarto\n"
0x199ba3,quando Kuon aparecer com um chá.
0x199bc5,"Bom trabalho. Aqui, coloquei um pouco de mel neste\n"
0x199bf7,um. Acho que deve ajudar você a relaxar.
0x199c1e,"Ah, obrigado. Tch... ugh... ai."
0x199c3c,Hm...? Aconteceu alguma coisa?
0x199c5c,Bom... achei que estava me acostumando com toda a\n
0x199c8e,atividade física nesses dias.
0x199cac,"Definitivamente estou mais forte do que antes, e\n"
0x199cdd,Consigo até carregar alguns dos pesos maiores agora.
0x199d0d,"Mas... quando descanso um pouco assim, dá uma\n"
0x199d3d,esse cansaço e dor que vem aos poucos.
0x199d6e,Argh... Acho que travei a perna.
0x199d97,Não me surpreende. O trabalho de hoje foi bem\n
0x199dc4,"cansativo, pelo visto."
0x199dd8,Quer que eu faça uma massagem?
0x199df7,"Hein? Ah, não se incomode. Consigo sozinho."
0x199e22,Tento amassar a perna um pouco para soltar.\n
0x199e52,Os músculos estão tensos e formiga onde eu\n
0x199e83,massagem.
0x199e8c,Ai.
0x199e90,"Fazer sozinho não vai adiantar muito, acho.\n"
0x199ec5,Você tende a conter sua própria força.
0x199eee,Você... acha? Agh... ai...
0x199f0d,"Bem, a maioria prefere evitar se machucar mais ainda\n"
0x199f40,seu próprio corpo.
0x199f4a,Eu... consigo entender isso.
0x199f65,"Aqui, deixa comigo. Na verdade, eu sei bastante\n"
0x199f98,um pouco sobre pontos de pressão e essas coisas.
0x199fc2,Mesmo assim... Kuon tem muita força bruta.
0x199fef,"Mesmo que ela segure a mão, não vejo isso terminando\n"
0x19a021,em mais nada além de dor.
0x19a03e,"Vamos, não seja tão modesto!"
0x19a05b,Q-Hey!
0x19a065,*BAQUE*
0x19a06c,"Antes que eu perceba, estou estirado no\n"
0x19a09e,do chão.
0x19a0a6,Kuon está sentada bem em cima de mim e tem\n
0x19a0d5,aperto firme nos meus membros. Não consigo me mover.
0x19a0fb,"Pronto, vamos começar..."
0x19a10f,"As mãos frias de Kuon apertam firme minhas pernas,\n"
0x19a141,e seus dedos pressionam um ponto específico.
0x19a16e,"Ei, espera aí--"
0x19a17c,Upa.
0x19a181,*CRACK*
0x19a18a,Aiaiaiaiaiaiaiaiaiaiaiaiaiaiaiaiaiaiaiaia!!!
0x19a1a0,Hm... uf.
0x19a1ac,*P-P-Crack*
0x19a1b9,Meu Deus meu Deus meu Deus meu DEUS MEU\n
0x19a1da,PUTA QUE--
0x19a1e3,"Ah, Haku, não precisa ser tão dramático."
0x19a214,Não estou exagerando nem um pouco...!\n
0x19a237,DÓI DEMAIS!
0x19a243,"Exatamente como eu esperava... Droga, não consigo ver\n"
0x19a271,através de todas as lágrimas nos meus olhos...
0x19a295,"A-Ah, desculpe! Não esperava que doesse tanto a ponto\n"
0x19a2c9,para te fazer chorar...
0x19a2dc,"Olha, ahn... agradeço a intenção... mas\n"
0x19a30c,podia segurar um pouco mais?
0x19a32c,"OK, entendi... Hm, hmf..."
0x19a347,*Amassa*
0x19a34f,Maldição MALDIÇÃO maldição maldição maldição MALDIÇÃO!
0x19a374,Hein? Ainda dói?
0x19a389,Argh... Sim!
0x19a397,Fico me debatendo de dor no chão por um tempo.\n
0x19a3c3,"Sim, definitivamente dói."
0x19a3da,Que estranho. Todo mundo me diz que faço uma ótima\n
0x19a40b,massagens. Rulutieh disse que foi como um sonho...
0x19a43b,Isso só prova que vocês são completamente anormais!
0x19a46c,"Talvez eu deva tentar uma técnica diferente, então."
0x19a49c,"Na verdade, sabe o quê, talvez a gente deva parar--"
0x19a4cc,Hmmm...
0x19a4d4,*Cocegas* *cocegas* *cocegas*
0x19a4ef,Bwahahahahahahaha!
0x19a501,Q-Haku!?
0x19a50a,"A próxima estratégia dela é tocar meus pés com suavidade,\n"
0x19a53a,que acaba sendo só cócegas em mim.
0x19a55a,Ha... ufa... Você não está levando isso a sério...\n
0x19a58e,"coisa assim, vai?"
0x19a597,Eu devia pensar que sou! Estou sendo bem séria com isso.
0x19a5c9,Você está sendo muito extremo ao ajustar.
0x19a5f3,Sinceramente... Você é muito difícil de regular\n
0x19a625,a.
0x19a629,Você não faz ideia do que é regular!\n
0x19a657,"Aqui, vou mostrar. Me dá sua perna."
0x19a67e,Q-Quê? N-Não acho que preciso de massagem.
0x19a6a7,Só me dá o pé. Não posso deixar você continuar\n
0x19a6d6,fazendo tudo ISSO comigo.
0x19a6ec,"Então você deixa eu fazer de novo, é?"
0x19a716,"É-É, se eu tiver vontade."
0x19a736,"Aqui, vou te mostrar qual é a pressão certa\n"
0x19a767,força. Deixa eu ver seu pé.
0x19a78a,Quer dizer que eu deveria sentir primeiro...?\n
0x19a7be,"Bem, nesse caso então..."
0x19a7d4,"Kuon avança o pé, bem a contragosto.\n"
0x19a804,Seguro firme e com cuidado.
0x19a825,Estudo o pé tentando achar os pontos de pressão\n
0x19a855,ponto e coloco meu polegar nele.
0x19a876,Hm...
0x19a87c,Vê bem. ASSIM é que se faz!
0x19a8a4,*Pressão*
0x19a8ac,Q--
0x19a8b1,Coloco toda minha força nos dedos como vingança\n
0x19a8e4,pelo que ela me fez.
0x19a901,Como foi!? Agora ela vai saber como é\n
0x19a930,dela. Espero que aprenda a lição.
0x19a95e,"Tenho certeza que se Kuon passar pela mesma dor,\n"
0x19a98d,nunca inflija em outra pessoa.
0x19a9be,"Mwahahahaha! Como foi, hein!?\n"
0x19a9de,Gostou disso!?
0x19a9ee,*Pressão* *fricção* *pressão*
0x19aa04,Mm... Ngh...!
0x19aa13,Há! Yá! Yá!
0x19aa23,*Fricção* *pressão* *fricção* *pressão* *fricção*
0x19aa45,...Nnngh!?
0x19aa50,Há... uf... há...
0x19aa66,...Ufa.
0x19aa6f,Ufa?
0x19aa75,"Apertei com toda minha força, mas Kuon... tem uma\n"
0x19aaa6,"expressão sonhadora no rosto, e suas bochechas\n"
0x19aad6,estão vermelhos.
0x19aadf,"Você... é muito bom em massagem, de verdade,\n"
0x19ab12,Haku... Não era esperado disso.
0x19ab33,Hein?
0x19ab38,Foi muito bom... Estou tão quentinha e\n
0x19ab66,relaxado...
0x19ab71,"Ei, oi? Kuon? Você está... com a voz arrastada\n"
0x19ab9c,"frases um pouco menos, ali...?"
0x19abba,Haku... acho que quero que você faça mais um pouco.\n
0x19abeb,Assim consigo ter uma ideia melhor de quão forte você\n
0x19ac1a,prefiro assim.
0x19ac25,"Hein? Ãh, bem... acho que... sim..."
0x19ac43,Ah!
0x19ac47,*Pressão* *pressão*
0x19ac57,Oooh...!
0x19ac60,...Hm. Parece que ela está realmente gostando.
0x19ac8e,Parece que descobri um\n
0x19acad,talento oculto.
0x19acbc,"Kuon parece estar no mundo dela,\n"
0x19ace6,bem-aventurada enquanto eu continuo trabalhando.
0x19ad11,"A cauda dela se enrola ao redor, e sons suaves de\n"
0x19ad43,deleite e alívio escapam dela.
0x19ad69,"Ah... uf, há..."
0x19ad7c,Mm... Eu poderia definitivamente me acostumar com isto...
0x19adae,"No fim das contas, não descansei nada de verdade,\n"
0x19ade0,e fui condenado a trabalho forçado até Kuon dormir\n
0x19ae12,adormecido.
0x19ae1a,Como é que terminou assim...?
0x19e41b,Agradeço a todos vocês por terem vindo.
0x19e437,Vim logo que soube que teria boa\n
0x19e465,bebidas grátis!
0x19e472,S-Senhora Atuy...
0x19e481,Rulutieh parece incomodada com a honestidade direta de Atuy.
0x19e4b2,Atuy teve a ideia certa. Nada é melhor\n
0x19e4e5,do que uma refeição que alguém está pagando.
0x19e512,Não se preocupe. Preparei isto para\n
0x19e542,"vocês. Por favor, desfrutem à vontade."
0x19e56e,Oshtor responde com tranquila descontração ao\n
0x19e59b,reação do grupo.
0x19e5ad,Certamente é melhor que boa comida e bebida\n
0x19e5dc,ser apreciada por aqueles que realmente a estimam.
0x19e609,"Não podia concordar mais, Oshtor.\n"
0x19e62b,Saúde! Saúde!
0x19e637,"Bebidas grátis à parte, por que exatamente...?"
0x19e65a,"Alguma coisa, Senhor Haku? O senhor parece\n"
0x19e686,perturbado... o que é incomum quando falta pouco para\n
0x19e6b8,uma festa.
0x19e6c1,"Ei, o que você pensa de mim? Estou feliz, pode\n"
0x19e6f2,"crer, mas fico me perguntando qual é o\n"
0x19e71d,ocasião é.
0x19e72a,"Oshtor parece um pouco surpreso com o que eu disse,\n"
0x19e75f,e responde com toda aparência de sinceridade.
0x19e788,Não bastaria simplesmente querer aprofundar a\n
0x19e7b8,laços entre amigos queridos?
0x19e7d2,Isso soa mais a uma resposta do Ukon do que\n
0x19e803,uma razão de Oshtor para mim.
0x19e81b,"Com as minhas palavras, um sorriso cruza o rosto do homem mascarado.\n"
0x19e84a,rosto.
0x19e850,Perspicaz como sempre. Você pensa e analisa\n
0x19e881,"muito, apesar da sua aparência."
0x19e8a7,"Saiba que dá para notar que isso não é um elogio,\n"
0x19e8d9,né?
0x19e8e0,Esperava explicar depois que o banquete começasse...\n
0x19e912,mas a verdade é que desejei apresentá-lo a\n
0x19e943,alguém.
0x19e94c,Apresentar... a mim?
0x19e960,"Sim. A julgar pela reação dele, ele pareceu muito\n"
0x19e98f,interessado em você.
0x19e9a2,Q-Quê?
0x19e9ab,"Dou um passo pra trás, desconfiado."
0x19e9c5,Esse cara... está interessado em mim?
0x19e9e6,"Não precisa se preocupar, tenho certeza."
0x19ea05,Espero que não...
0x19ea13,Hm... Mas entendo o interesse dele.\n
0x19ea3d,Você tem um ar peculiar que coloca muitos\n
0x19ea6f,tranquilo.
0x19ea78,É por isso que tenho tanta esperança em você.
0x19eaa4,Não sei bem como receber tudo isso vindo de um cara\n
0x19ead8,falando...
0x19eae5,"Salve, Mestre Haku! Há muito sonhava com\n"
0x19eb15,encontro tão feliz assim!
0x19eb2e,Maro? O que cê tá fazendo aqui?
0x19eb4c,"Espera aí, não me diga que ELE é o cara que Oshtor tava--"
0x19eb7a,Foi pelo convite do honesto Mestre Oshtor!\n
0x19eba7,Fico feliz em esperar seu lazer!
0x19ebc8,"Bom, se é uma reunião de conhecidos do Oshtor,\n"
0x19ebf0,suponho que faz sentido que\n
0x19ec1f,Maroro tá aqui.
0x19ec2e,"Enquanto penso, Maroro se aproxima ansioso,\n"
0x19ec5f,se senta do meu lado.
0x19ec7b,...Por que cê tá sentado aí?
0x19ec99,Para que eu possa melhor assegurar a plenitude de\n
0x19ecc9,"seu cálice, mestre!"
0x19ecda,Por que diabo ele tá corado...?
0x19ecfa,Não deveria estar servindo bebidas ao Oshtor\n
0x19ed26,no lugar de mim?
0x19ed35,"Oh, se eu pudesse, mestre, mas tal obediência\n"
0x19ed69,"seria descortês, ah, para meus atuais... ofícios..."
0x19ed95,"Funções atuais...? Ah, quer dizer porque você pegou\n"
0x19edc6,contratado por algum nobre da cidade?
0x19ede2,"E como ele não gosta muito do Oshtor, não pode\n"
0x19ee15,"fique longe demais dele, tá?"
0x19ee35,É só isso...
0x19ee40,"Acho que ele mencionou a situação antes, mas\n"
0x19ee71,Acho que tem uma situação familiar complicada\n
0x19ee9c,relacionamentos.
0x19eeab,"Agora, permita-me apresentar meu convidado de\n"
0x19eed9,honra.
0x19eee0,"Oshtor retorna ao salão de jantar, após cumprimentar\n"
0x19ef14,meu convidado.
0x19ef1f,Atrás de Oshtor está um homem que parece... claramente\n
0x19ef51,fora de lugar num evento assim.
0x19ef76,"Ho ho ho... Ora, ora, que grupinho encantador\n"
0x19efa8,de garotas!
0x19efb4,O homem olha ao redor da sala com alegria.
0x19efde,Esse cara...
0x19efec,Careca brilhante. Bigodinho minúsculo.\n
0x19f00e,Não tem erro nele...
0x19f02a,...O vendedor de doces?
0x19f03b,Lembro de tê-lo visto de vez em quando na\n
0x19f06c,das ruas da cidade.
0x19f081,O-Olá...
0x19f08c,"Olá, Sr. Sakon. É um prazer vê-lo\n"
0x19f0bb,Aqui.
0x19f0c1,"Opa, é o velho Sakon!"
0x19f0da,"Então o vendedor de doces é o Sakon, né."
0x19f109,"As garotas parecem conhecê-lo pelo nome, pois ele\n"
0x19f138,sempre acrescenta um pouco a mais quando elas compram sua\n
0x19f16b,doces.
0x19f174,Mas parece que elas não sabiam que ele era um\n
0x19f19e,conhecido de Oshtor.
0x19f1b8,Então por que esse velhote tá AQUI...?
0x19f1e2,Aparentemente tendo adivinhado o que todos\n
0x19f20d,"pensando, Oshtor se vira pra gente."
0x19f22b,Este homem é alguém insubstituível para mim.\n
0x19f256,"Sem ele, não teria conseguido cumprir meu\n"
0x19f283,responsabilidades.
0x19f295,Responsabilidades?
0x19f2a7,Sim. Públicas... e outras.
0x19f2c8,"Público E privado? Espera, isso quer dizer que ele\n"
0x19f2f8,sabe que Oshtor e Ukon são a mesma pessoa?
0x19f323,Sakon nota meu olhar confuso e me examina\n
0x19f357,com um sorriso largo.
0x19f36b,Mas que--
0x19f376,Então se aproxima sem hesitar e\n
0x19f3a4,se senta direto à minha frente.
0x19f3cb,Acho que esta seria a primeira vez que nos sentamos\n
0x19f3fd,e bebemos junto assim.
0x19f41b,Por que cê tá sentado aqui...?
0x19f438,"Quê? Você é idiota, garoto? Sou o convidado de honra!\n"
0x19f46a,Sento aonde diabo eu quiser.
0x19f490,Espera... Esse velho corroído é o que\n
0x19f4c1,queria me encontrar?
0x19f4d4,Por que diabos ele quer falar comigo...?\n
0x19f502,"Bom, tanto faz. Acho que ele não tá fazendo mal."
0x19f533,O que o Oshtor quis dizer com tudo aquilo\n
0x19f564,esse negócio de 'público e outros'?
0x19f582,É bem o que parece. Tenho certeza que já sabe tudo\n
0x19f5b5,sobre Ukon e afins. Mas isso não é o importante\n
0x19f5e5,já.
0x19f5ea,Vim aqui por um motivo bem maior que esse.
0x19f61a,Um motivo maior?
0x19f62b,"É sobre você, Haku. Você não percebe, mas\n"
0x19f65d,seu valor é bem mais do que você jamais poderia imaginar.
0x19f68d,OK? O que é que você qu--
0x19f6aa,"Você sabe muito bem o que quero dizer! É só chamar você,\n"
0x19f6de,e um bando de gatinhas fofas logo aparecem!
0x19f706,Hein?
0x19f70b,Você é o maior mulherengo desta cidade!\n
0x19f735,Arrgh... Tô com inveja mesmo!
0x19f759,"O que foi, menino? Por que essa cara de\n"
0x19f78a,rosto?
0x19f790,Você nos chamou aqui só para me dizer algo\n
0x19f7bf,assim?
0x19f7ca,Idiota! Chamar de habilidade conseguir uma horda de\n
0x19f7fc,"lindas garotas ""assim mesmo""!?"
0x19f827,"Não, mas--"
0x19f831,"Ô, chega de reclamação e bebe logo, vai?"
0x19f861,Hein? Ah--
0x19f86b,"Sakon estende a garrafa, e o repentino\n"
0x19f898,a pressão me faz reflexivamente estender meu copo.
0x19f8c7,"Um brinde, então!"
0x19f8d6,Sakon bate o copo no meu com surpreendente\n
0x19f909,"força, depois bebe tudo de um gole."
0x19f932,Eu faço o mesmo e também bebo tudo.
0x19f957,"Pffaaa...! Agora sim, isso é o bom!\n"
0x19f980,Mais uma rodada!
0x19f98f,O que foi? Seu copo está vazio.\n
0x19f9b6,Tá tentando secar ou quê?
0x19f9dd,"Ah, verdade..."
0x19f9ea,"Estendo meu copo, e Sakon quietamente me serve\n"
0x19fa1a,mais.
0x19fa20,Mestre.
0x19fa28,Trouxemos bebidas e comida.
0x19fa46,"Ora, olá por aí, mocinhas.\n"
0x19fa6a,Pode me dar um pouco também?
0x19fa8b,"As duas me olham ao mesmo tempo, como se\n"
0x19fabd,esperando minha permissão.
0x19fad8,Pode ir.
0x19fae2,"Por favor, aproveitem."
0x19faf1,Elas colocam um prato de pequenos petiscos cozidos\n
0x19fb22,de peixe.
0x19fb2b,Valeu.
0x19fb39,"Depois de agradecer, Sakon pega o prato\n"
0x19fb6c,e tira um dos pedaços e coloca na boca.
0x19fb97,Hm...
0x19fb9d,"Ele se recosta no braço da cadeira, olhar à deriva\n"
0x19fbd0,para as garotas se divertindo com música e\n
0x19fc01,dança.
0x19fc08,"No início, imagino que ele está só babando, mas\n"
0x19fc38,sua expressão é terna e distante... quase\n
0x19fc67,tipo.
0x19fc6d,"Que foi, não vai lá falar com elas?\n"
0x19fc9a,"Pensei que você vinha atrás das ""gatinhas""."
0x19fcc5,"Ah, você é novo demais pra entender...\n"
0x19fce9,"Pode contemplar as flores, mas nunca as perturbe.\n"
0x19fd1c,Seria inapropriado.
0x19fd2e,"Lembre-se, há certas flores por aí que\n"
0x19fd60,vão murchar com um simples toque.
0x19fd83,Sim.
0x19fd8a,"Quando ele disse que veio por causa das mulheres, pensei\n"
0x19fdbe,ele era só um velho pervertido grasiento.
0x19fde3,Mas acho que ele tem um pouco mais de classe do que\n
0x19fe16,parece que sim.
0x19fe20,"Enquanto o observo, noto que seu copo está vazio\n"
0x19fe52,vez.
0x19fe59,"Ele é esquisito, tudo bem, mas não é mau cara.\n"
0x19fe85,Sem contar que é ele quem aparentemente está pagando\n
0x19feb5,por tudo isso.
0x19fec3,Ofereço a garrafa a Sakon. O devaneio se dissipa\n
0x19fef4,"conforme me nota, e pega, mas--"
0x19ff1d,"Não, vou fazer outra coisa..."
0x19ff3a,Nekone pequenininha?
0x19ff49,"Com o aceno de Sakon, Nekone fica um pouco\n"
0x19ff77,confusa.
0x19ff83,Sakon levanta seu copo vazio em minha direção.
0x19ffac,Você se importaria de me servir?
0x19ffcd,Eu... acho que não me importo.
0x19ffe8,Nekone não entende bem por que foi ela a\n
0x1a0018,"escolhida, mas serve mais da\n"
0x1a0045,bebidas assim mesmo.
0x1a005a,Uaaai... *gole*... Pffah!\n
0x1a007f,"Fica muito melhor quando você que serve,\n"
0x1a00ac,pequena Nekone.
0x1a00bb,O que foi com aquela conversa das flores agora\n
0x1a00ec,"Há pouco? Isso não soa como ""admiração""..."
0x1a0115,"Ora, nunca ouviu falar em exceções à\n"
0x1a0145,"regra, véio?"
0x1a0150,É sério mesmo...?
0x1a0164,"Tudo bem, Haku. Ao que parece, meu querido irmão deve\n"
0x1a0196,muito a ele. Posso muito bem servir sua bebida\n
0x1a01ca,se ele quiser.
0x1a01d7,"Bom, se você tá bem com isso..."
0x1a01ff,"Oshtor diz que lhe deve muito, mas quem exatamente\n"
0x1a0230,"coisa assim, vai?"
0x1a0239,"Se você sabe da identidade de Ukon, imagino\n"
0x1a0267,"você não é só vendedor, né verdade?"
0x1a028e,Olho nos olhos de Sakon enquanto falo.
0x1a02b3,Oho...
0x1a02ba,Sakon sorri misteriosa e silenciosamente coloca o copo.
0x1a02e8,Aquele sorriso sombrio não tem nada a ver com o sorriso leve\n
0x1a031b,no rosto dele há um momento.
0x1a0335,"Então, você saberia da minha ligação com Oshtor,\n"
0x1a0366,Hum...?
0x1a036d,A voz de Sakon de repente muda.
0x1a038d,Mas que--!? Ele parece uma pessoa completamente diferente\n
0x1a03c1,pessoa...
0x1a03cb,O jeito descontraído e tranquilo sumiu.\n
0x1a03f5,"Ao invés disso, sua voz é gélida, com um toque de ameaça."
0x1a0427,Acho que ver para crer...\n
0x1a044a,Talvez isto revele a verdade que procura.
0x1a0475,"Murmurando, Sakon limpa o rosto com uma toalha...\n"
0x1a04a7,e os inúmeros rugas desaparecem.
0x1a04ca,Ele lentamente coloca a mão no topo de seu\n
0x1a04fb,"cabeça. Ele agarra seu próprio couro cabeludo, e--"
0x1a0525,*VUP*
0x1a052c,*Vap*
0x1a0533,...Hein?
0x1a053b,...Entende?
0x1a054a,E-Ãhn... Ahn...
0x1a0559,A atmosfera animada deu lugar a um clima tenso\n
0x1a058b,silêncio.
0x1a0594,"A-Agora há pouco, foi...? Não, espera!\n"
0x1a05b9,P-Pode ser só imaginação minha...
0x1a05e3,É-É isso. Devia ter bebido um pouco demais\n
0x1a0613,isso.
0x1a0619,Hum?
0x1a061e,"Ante minha aparente falta de reação, Sakon mais uma\n"
0x1a064c,novamente alcança sua cabeça com amargura.
0x1a066f,"Ninguém diz nada. O silêncio reina, crescendo\n"
0x1a06a1,cada vez mais pesado a cada segundo que passa.
0x1a06cf,Assim seja.
0x1a06d9,*Fiu* *Fau* *Fiu* *Fau* *Fiu* *Fau*\n
0x1a0705,P-Não pode ser...
0x1a0716,Heh heh heh...
0x1a0725,S-Senhor Mikazuchi...?
0x1a073a,Quê--!?
0x1a0742,Cooomo...?
0x1a074d,*Ofego*...
0x1a0757,Isso é... Mikazuchi!?
0x1a076d,Heh heh... Demorou bastante. Estava começando\n
0x1a079f,achar que nunca descobriria.
0x1a07c1,"Estou paralisado de choque, a Guarda Imperial da\n"
0x1a07f2,Sentado bem aqui à minha frente.
0x1a080a,Ah... ah...
0x1a0816,"Sakon... Ou melhor, Mikazuchi olha para Nekone,\n"
0x1a084c,um sorriso mortífero espalhando-se pelo seu rosto.
0x1a0877,Iiep!
0x1a087c,"Depois que Mikazuchi... aparentemente a fulmina,\n"
0x1a08aa,Nekone se levanta de um pulo e corre para trás de mim.\n
0x1a08d1,Negócio de sempre.
0x1a08e4,"É... realmente você, Mikazuchi?"
0x1a0906,Vê outra pessoa aqui? Talvez se eu cravar minha\n
0x1a0938,"enfiar os polegares nos seus olhos, sua visão pode clarear."
0x1a0969,"Uh... Isso é brincadeira, né...?"
0x1a0988,"Pode parecer simples, mas toda a sua personalidade\n"
0x1a09bc,completamente transformado.
0x1a09d0,"Acho que entendo agora, mas como poderia ter\n"
0x1a09fd,reconhecido sem a máscara? Ele não tinha aquele\n
0x1a0a2b,aquele olhar assassino antes!
0x1a0a40,Então qual é o propósito disso tudo?
0x1a0a59,Mikazuchi responde com aquele sorriso sinistro familiar.\n
0x1a0a8a,sorriso.
0x1a0a90,Você realmente acredita que basta isso para proteger\n
0x1a0ac4,as pessoas balançam uma espada sem pensar?
0x1a0aef,Uso essa persona para vigiar o povo da\n
0x1a0b20,essa cidade.
0x1a0b2b,Também me ajuda a livrar a Capital Imperial dos\n
0x1a0b5e,vermes que tentam nidificar dentro dela.
0x1a0b82,Estou ouvindo certo? Você se disfarça\n
0x1a0bb3,como um vendedor de doces para lutar contra o crime?
0x1a0bd1,"OK, entendo que precisa de disfarce, mas um\n"
0x1a0bff,vendedor de doces...?
0x1a0c10,Heh heh... Um simples vendedor de doces ouve tudo\n
0x1a0c40,todos os tipos de rumores entre as pessoas.
0x1a0c61,Coisas que jamais ouviria como Mikazuchi.\n
0x1a0c90,A verdadeira voz do povo.
0x1a0cae,Imagino que ninguém fale à vontade perto\n
0x1a0cdf,sua mente à frente do você real...
0x1a0d06,"E vez ou outra, algum idiota vai feliz\n"
0x1a0d34,contando suas malandragens para\n
0x1a0d63,"um simples, inofensivo vendedor de doces."
0x1a0d80,Heh heh heh... Você devia ver a cara desses tolos\n
0x1a0db3,quando percebem quem sou de verdade. Isso sim é\n
0x1a0de4,diversão.
0x1a0deb,"Claro, quando começam a implorar por misericórdia,\n"
0x1a0e1b,seus rostos são absolutamente nauseantes.
0x1a0e48,*Sorriso Maligno*
0x1a0e50,O pelo da cauda de Nekone se arrepia enquanto ela\n
0x1a0e80,vê aquele sorriso dele.
0x1a0e98,Ssssssssss!!
0x1a0ea6,Entendo... Então eu estava certo. Você não era só um\n
0x1a0ed5,"um colega comum, afinal."
0x1a0ef0,Atuy tem o sorriso mais radiante que já vi nela\n
0x1a0f20,"até agora, como um pescador que fisgou uma grande presa."
0x1a0f51,Acho que estou um pouco curiosa para ver quão bom\n
0x1a0f82,"você realmente é, também."
0x1a0f9b,Kuon sorri de forma ominosa enquanto olha para Mikazuchi.
0x1a0fcc,"Você também não, Kuon! Sem duelos na hora do jantar\n"
0x1a0ffb,"mesa! Por favor, não faça nada estúpido."
0x1a1023,V-V-V-Vou te derrotar!
0x1a103f,Nekone gesticula com socos fraquinhos vindo de\n
0x1a106f,pelas minhas costas de novo.
0x1a1085,Isso não costuma ser algo que se diz quando\n
0x1a10b1,se encolhendo atrás das costas de alguém.
0x1a10d6,"Cansei dela, então a agarro pela\n"
0x1a1107,colarinho e a entrega em direção a Mikazuchi.
0x1a112e,Gyaaaa!?
0x1a1138,Brrgh!?
0x1a1140,"Nekone se debate com desespero furioso, e\n"
0x1a1171,"seu pé bate na minha boca, me derrubando."
0x1a11a0,Nekone corre rapidinho para Kuon e se encolhe\n
0x1a11d3,de joelhos.
0x1a11e1,"Haha, tudo bem."
0x1a11f7,Kuon acaricia suavemente as costas de Nekone.
0x1a1217,"Mikazuchi fita Nekone por um instante, parecendo\n"
0x1a124a,quase nostálgica.
0x1a125a,"Olha, entendo o negócio do disfarce, mas ainda\n"
0x1a128e,não entendo. Por que um vendedor de doces?
0x1a12bb,Pergunto de novo assim que o tumulto baixa.
0x1a12ea,Tão estranho assim?
0x1a12fe,"Não sou bom com detalhes, então o que faço é\n"
0x1a1331,colocar uma peruca e um bigode.
0x1a134e,Não é que seja estranho... É mais como ele\n
0x1a137f,o transforma completamente em outra pessoa.
0x1a13b1,"O doceiro parece um velhinho simpático, que\n"
0x1a13e3,seria ótimo com crianças...
0x1a1408,"E depois tem o Mikazuchi do dia a dia, que pode\n"
0x1a1438,conseguisse matar alguém só com o olhar.
0x1a1469,Como diabos isso aconteceu?
0x1a1487,"Heh heh... Bem, sempre adorei esse visual."
0x1a14b7,Adorava...? Um velho careca com bigode?
0x1a14e3,Talvez Oshtor deva mandar examinar essa cabeça.\n
0x1a1517,Parece que ele é um pouco desequilibrado.
0x1a153f,"Resmungo baixinho, mas Oshtor sorri\n"
0x1a156c,"sorri amplamente, tomando sua bebida e observando."
0x1a1597,Foi quando eu era jovem. Uma daquelas\n
0x1a15c6,memórias que realmente marcam você...
0x1a15ed,"Bom, naquela época eu era um pestinha, para dizer\n"
0x1a161f,enfim.
0x1a1626,"Mas não importava como eu agia ou quem eu era,\n"
0x1a1657,tinha um vendedor de doces que sempre me tratava do\n
0x1a1686,assim.
0x1a168c,"O velho viajava o mundo, vendendo doces\n"
0x1a16be,"e contando histórias. Bizarras, incríveis, grandiosas\n"
0x1a16f0,histórias.
0x1a16f9,"E ao narrar, transformava açúcar em arte com\n"
0x1a172b,suas mãos rudes. Ganhou o respeito desta criança.\n
0x1a1759,respeito.
0x1a1762,Um doceiro alegre... amado por todos.\n
0x1a1793,Esse é o tipo de homem que admiro.
0x1a17b4,Mikazuchi esfrega a peruca enquanto conta sua história.
0x1a17e2,Isso foi... inesperado.
0x1a17fa,"Heh. Olha eu aqui, todo sentimental. Nunca\n"
0x1a1826,"imaginei que ficaria assim. Quando olho para você,\n"
0x1a1858,Vejo ele.
0x1a1863,Sim... Diria que você é igual àquele doceiro\n
0x1a1897,conheci uma vez. Por isso o chamei hoje.
0x1a18c6,"...Ei, está me chamando de velho careca bigodudo\n"
0x1a18f7,agora?
0x1a18fc,"Olha, é uma história muito tocante e tal, mas\n"
0x1a192c,você está deixando estranho ficando aí esfregando\n
0x1a195e,na peruca.
0x1a196b,Heh heh! Veremos.\n
0x1a198c,"Ei, coloca! Tenho certeza que ficaria perfeito\n"
0x1a19be,em você!
0x1a19c6,Claro que não vai ficar bem em mim!\n
0x1a19f3,Fico bem longe dessa coisa.
0x1a1a1e,Enquanto luto contra Mikazuchi tentando enfiar\n
0x1a1a4e,"a peruca na minha cabeça, ouvimos um soluço próximo."
0x1a1a7c,Que?
0x1a1a82,Não imaginava que havia tanto significado\n
0x1a1ab3,por trás dessa aparência...
0x1a1acd,Kiwru parece muito tocado pela história.\n
0x1a1af6,Os olhos dele começam a lacrimejar.
0x1a1b18,Um disfarce para proteger o povo... Mas ninguém\n
0x1a1b46,percebe que é você quem os protege...\n
0x1a1b71,É tão nobre...
0x1a1b82,Não esperaria menos de um homem que está ao lado de\n
0x1a1bb4,Igual ao Irmão...
0x1a1bc7,"Kiwru contempla Mikazuchi, olhos cheios de\n"
0x1a1bf8,admiração.
0x1a1c04,"Equal ao Oshtor, hein. Parece que o medo que sentiu\n"
0x1a1c37,por ele se converteu em respeito.
0x1a1c64,Hmph. Não pensei tanto assim nisso...\n
0x1a1c96,Pensei que seria interessante imitá-lo.
0x1a1cc6,Ele?
0x1a1ccb,Ele me disse que estava tentando algo diferente.
0x1a1cf9,"Na época, eu também sentia o peso do meu\n"
0x1a1d2c,"título me prendendo, então... decidi tentar\n"
0x1a1d5f,sozinho.
0x1a1d67,"Com isso, Mikazuchi recoloca a peruca na\n"
0x1a1d99,cabeça. *Paf*
0x1a1da6,Quando você diz--
0x1a1dbc,*BAQUE*
0x1a1dc3,"A porta se abre de repente, chamando a atenção\n"
0x1a1df6,olho para o homem de pé ali com os braços cruzados.
0x1a1e28,"Desculpem a demora, senhoras e cavalheiros!"
0x1a1e55,Mas que--? Quando foi que ele--\n
0x1a1e71,Mas ele estava apenas--
0x1a1e83,"Oshtor, agora como Ukon, entra no cômodo\n"
0x1a1eb5,com uma atitude completamente diferente de antes.
0x1a1ee7,"Satch, seu velho safado!\n"
0x1a1f01,"E então, como vai?"
0x1a1f0d,"Não posso me queixar, Uko!"
0x1a1f26,"Ukon faz joinha, e Sakon — que estava\n"
0x1a1f52,de repente todo enrugado de novo — responde da mesma forma.
0x1a1f80,Um silêncio constrangido paira enquanto todos observam a mudança.\n
0x1a1fb5,"Agora ficou pior, sabendo quem é por baixo\n"
0x1a1fdf,identidades.
0x1a1feb,Como diabos vocês dois ficam tão em sincronia?
0x1a2010,...Ahn. Achei que vocês dois não se davam bem\n
0x1a2043,Sim.
0x1a204e,Quem fica espalhando essas besteiras por aí\n
0x1a207e,sobre nós?
0x1a2088,"É-É... eu ouvi que... s-sempre que vocês treinam,\n"
0x1a20b8,"vocês lutam como se fosse de verdade, com armas\n"
0x1a20e6,armas...
0x1a20f1,Qual o problema? Seria ótimo ter um parceiro\n
0x1a2123,um parceiro de treino com quem você possa compartilhar isso!
0x1a214f,Haw haw haw! Essa garota entende das coisas!\n
0x1a2180,"Aqui, pegue um doce."
0x1a2197,Hee hee! Obrigado!
0x1a21a8,"I-Irmão, o-o que está fazendo com essa\n"
0x1a21d3,"roupa...? Por favor, pense mais no decoro\n"
0x1a2202,sua aparência.
0x1a2213,Que foi? Tá dizendo que essa roupa não serve\n
0x1a2243,"das pessoas? Você gostava do estilo do Sakon, não é?"
0x1a2274,Então só tá certo quando ELE faz.\n
0x1a229e,É isso?
0x1a22aa,"Huh!? Não, não era isso que eu quis dizer--"
0x1a22ce,"Bom, você tem razão. Oshtor não usaria\n"
0x1a22ff,"estes, e isso é fato!"
0x1a2319,Desculpe...?
0x1a2327,"As únicas pessoas aqui são o andarilho, Ukon..."
0x1a2356,"E o humilde homem de doces, Sakon."
0x1a2376,Ukon & Sakon
0x1a2383,E não ligamos um CARAMBA para educação!
0x1a23ae,Gwahahahaha!
0x1a23bb,Ahaw haw haw haw!
0x1a23cd,I-Irmão...
0x1a23da,Neko? O que foi? Parece que você tá sem\n
0x1a240a,nos seus olhos.
0x1a2418,"...Sinto muito, Nekone. Não sei se consigo\n"
0x1a2447,para ajudar aqui.
0x1a245e,"Mas, ahn, é normal que homens tenham um lado\n"
0x1a2490,"lado deles, então não deixe isso te abalar."
0x1a24ba,"Quer dizer, é só olhar o Haku."
0x1a24d5,Não me comparem com esses dois!
0x1a24f4,Hmhm! O que isso quer dizer é que nunca\n
0x1a2526,o que é ser jovem.
0x1a253c,Exatamente! Chama isso de bom senso de humor.
0x1a2564,"Então, o que você acha de tudo isso, rapaz?"
0x1a258f,Pensar em quê?
0x1a25a1,Nós dois aqui. O que você diria que a gente\n
0x1a25cf,nos seus olhos?
0x1a25dd,Sei lá... acho que gosto. Não sou nenhum expert\n
0x1a2611,"em modos finos e tudo mais, então é melhor\n"
0x1a2641,do que ser pomposo e formal o tempo todo.
0x1a266a,"Eu sabia que você entenderia, rapaz!"
0x1a2684,"Certo! A partir de hoje, você é um de nós."
0x1a26ac,"Ei, Maro, quer entrar? Você sempre admirou\n"
0x1a26dc,"esse tipo de amizade de verdade, certo?"
0x1a2704,"Ack!? P-Peço, um momento de consideração...!"
0x1a2731,"Ah sim, o Kiwru também pode entrar."
0x1a274e,Eu sou só uma coisa à parte!?
0x1a276a,"Ooh, posso entrar também?"
0x1a277f,"É, claro! Todo mundo pode entrar."
0x1a279e,Eu também estou... incluída nisso?
0x1a27be,P-Sem dúvida...
0x1a27cf,"Tá bom, acho que já de papo por hoje\n"
0x1a2801,lá de todo mundo. A comida tá esfriando!
0x1a2827,Outro brinde!
0x1a2836,Todos
0x1a283a,Saúde!
0x1a2842,"Enquanto todos entrechocam as xícaras, só Nekone\n"
0x1a2870,me olha com os olhos vazios e murmura...
0x1a289f,Eu simplesmente não me importo mais...
0x1a721a,Perco a conta de quantas vezes já patrulhei\n
0x1a724c,com o Ukon agora...?
0x1a725e,"Como sempre, me fisga com 'bebidas por minha\n"
0x1a728f,e saio para encontrá-lo.
0x1a72b3,É um lugar meio isolado para um bar.
0x1a72d5,Nenhuma outra pessoa por aqui. Depois que\n
0x1a7306,"espero um pouco, vejo o Ukon vindo em minha direção."
0x1a7335,Opa. Fiz você esperar?
0x1a734c,"Na verdade não, mas... tem algum bar\n"
0x1a7379,um lugar assim?
0x1a738e,Deve ser um bar bem escondido e modesto mesmo.
0x1a73bd,"É, pensei que a gente podia se divertir um\n"
0x1a73ef,antes de começarmos a beber mesmo.
0x1a740f,Todo mundo está comemorando o solstício hoje.\n
0x1a743e,"Se acharmos o beco certo, podemos encontrar\n"
0x1a746c,uma arena de briga de galos.
0x1a747e,Briga de... galos?\n
0x1a7492,Que inferno!?
0x1a74a1,"Você sabe, galos. Colocando um contra o outro\n"
0x1a74d1,um ao outro.
0x1a74d8,É bem popular por aqui. Tem gente que\n
0x1a750c,ganham a vida criando e criando esses pássaros.
0x1a753c,"Ah, era isso... Sim, sei o que é\n"
0x1a756d,"isso. Imagino que envolva apostas,\n"
0x1a759c,também?
0x1a75a1,"Isso. Por ser tão popular, acaba sendo\n"
0x1a75d1,grande gerador de renda para as casas de jogo clandestinas.
0x1a75ff,...Casas de jogo clandestinas.
0x1a761d,Aí tem uns idiotas que abrem seus próprios\n
0x1a7651,"cassinos ilegais. Negócio sujo -- tem fraudes,\n"
0x1a767e,trapaceiros...
0x1a768a,"As pessoas perdem não só a camisa, como\n"
0x1a76b9,"as fazendas, os bens... Perdem\n"
0x1a76e4,tudo.
0x1a76f0,"Pesado. Mas espera... Ukon, você não estava\n"
0x1a7721,você investigou isso antes?
0x1a774e,"É, fui seguindo uns rumores. Todos levam\n"
0x1a7780,me levou a um antro de jogo.
0x1a779c,Com pouca investigação deu pra ver\n
0x1a77c9,"que são completamente ilegais, igual\n"
0x1a77f9,Ouvi. Mas...
0x1a7809,Mas e daí...? Tem algum problema?
0x1a782c,"Bem, acabar com essa gente seria um pouco\n"
0x1a7859,mais.
0x1a7861,"Nossa, é novidade. Achei que você ia entrar\n"
0x1a788f,"de cabeça sem pensar, como\n"
0x1a78bc,costumeiro.
0x1a78c3,Eu faria se os clientes não fossem\n
0x1a78f0,nobres e mercadores influentes.
0x1a7912,"Sem falar que, depois de mais investigação,\n"
0x1a7945,descobri que o responsável por tudo isso é...\n
0x1a7971,Dekopompo.
0x1a797c,"Dekopompo...? Ah é, aquele."
0x1a7999,O cara que foi preso por ter contrabando...\n
0x1a79cc,Parece que nunca aprende mesmo.
0x1a79ed,"Preciso de provas concretas. Caso contrário,\n"
0x1a7a1f,"Se eu me meter, vão me jogar tudo na\n"
0x1a7a4f,pra mim.
0x1a7a5a,Parece bem chato. Não dá só pra ir\n
0x1a7a87,direto como Oshtor?
0x1a7a9b,"Nada mais quero. Acredite, eu tentei\n"
0x1a7aca,"quase fazendo isso já, várias vezes."
0x1a7af3,"Ukon faz uma pausa, claramente relutante em continuar--\n"
0x1a7b22,expressão piorando um pouco.
0x1a7b3f,Mas seria a pior atitude que eu poderia\n
0x1a7b71,tomar. Não posso me arriscar a romper com a\n
0x1a7ba2,nobres.
0x1a7baa,As conexões deles se estendem por toda a\n
0x1a7bd9,"capital, como uma teia de aranha. Seu alcance é\n"
0x1a7c08,inescapável.
0x1a7c15,Isso tudo não soa como o Ukon que conheço.
0x1a7c45,"Que dureza! General da Direita ou não,\n"
0x1a7c77,pra eles sou só um sortudo que veio do interior.
0x1a7ca6,Já me desprezam pela minha origem.\n
0x1a7cd8,"Se eu forçar isso, vai abrir uma brecha irreparável\n"
0x1a7d0a,abismo.
0x1a7d10,Esses idiotas só pensam em si mesmos. Vão\n
0x1a7d43,vão tomar tudo o que eu disser como 'perseguição injusta'.
0x1a7d70,E isso afetaria minhas obrigações como\n
0x1a7d9f,Guarda Imperial. Preciso agir com\n
0x1a7dce,precaução.
0x1a7dd7,"Entendo. Pode ser podre, mas\n"
0x1a7e07,ainda sou um General Pilar... Hm?
0x1a7e25,"Espera. Me corrija se errar, mas você é--"
0x1a7e4f,"Sempre se toca rápido, garoto."
0x1a7e72,Lembra do depósito perto do rio?\n
0x1a7e9d,O que aquele pessoal das casas alugadas\n
0x1a7ec8,estavam falando?
0x1a7edc,Parece que o navio do Dekopompo vai parar perto.\n
0x1a7f0e,Dizem que vai ter uma grande arena de briga de galos\n
0x1a7f3f,instalado lá dentro.
0x1a7f4e,Esse... foi o motivo de me convidar\n
0x1a7f7d,"saiu, não era."
0x1a7f8d,Não tem nada com isso. É só um pouquinho de\n
0x1a7fbc,"reconhecimento hoje, é?"
0x1a7fd6,"Quer dizer, te convidei pra beber, não foi?"
0x1a8006,Vamos entrar como convidados. Nada\n
0x1a8037,de tão perigoso nisso. Até tenho os\n
0x1a8060,convites.
0x1a806d,Hum...
0x1a8074,"Além disso, é um banquete do Dekopompo.\n"
0x1a80a3,Dá pra contar com ele pra ter boa\n
0x1a80d0,comida e bebida.
0x1a80e0,Hm... comida e bebida luxuosa...
0x1a8102,"Odeio admitir, mas quando se trata disso\n"
0x1a8132,"esse tipo de coisa, Dekopompo tem gosto de verdade."
0x1a815d,"Tudo bem, desisto. Já estou aqui, é melhor\n"
0x1a8190,"ir junto... Mas se as coisas ficarem feias, estou fora\n"
0x1a81c2,Pronto.
0x1a81c9,Pode ser. As coisas não seriam bem tão\n
0x1a81f3,interessante sem você.
0x1a820c,Não esperava o navio ser tão grande assim...
0x1a8238,Ostentação pode chegar longe. Se ele colocasse todo\n
0x1a8269,"esse esforço na vida, poderia até ser um cara decente\n"
0x1a829c,terrível.
0x1a82a4,Bastou mostrar o convite e a gente\n
0x1a82d6,entrou. Isso tá fácil demais...
0x1a82f5,"Bom, se ele vicia os jogos a favor dos\n"
0x1a8326,"nobres, somos a presa. Menos perguntas, mais\n"
0x1a8355,grana pra eles.
0x1a8365,Certo então... vamos achar umas provas.
0x1a838f,Descemos pela escada de serviço e entramos\n
0x1a83c0,os depósitos do navio.
0x1a83db,"Ei, achei que você disse que não iríamos\n"
0x1a840a,nada perigoso hoje.
0x1a8424,É só um passeio! Só olhando por aí.\n
0x1a8453,É isso.
0x1a845f,Droga...
0x1a8469,Espera. Essas aqui são... fortes demais pra\n
0x1a8494,depósito comum.
0x1a84a6,Tem algo estranho aqui. Sei lá. Vamos dar uma\n
0x1a84d6,"espiada... Vigia a porta, garoto. Não queremos\n"
0x1a8505,ninguém de surpresa.
0x1a851d,Mas que raio é isso...?
0x1a8537,Puxa. Isso é...
0x1a8548,Tem gaiolas enormes espalhadas por toda a sala...\n
0x1a857b,cada um contendo insetos de aspecto feroz.
0x1a85a9,Não pode ser pra... briga de galos? A menos que seja\n
0x1a85da,completamente diferente daquele que conheço...
0x1a8606,Olha só. Achei que seria só a boa e velha\n
0x1a863a,"briga de galos, mas parece que temos\n"
0x1a8666,batalha de insetos em vez disso.
0x1a867b,Ukon solta um suspiro e examina o lugar com ar sombrio.\n
0x1a86a9,fileiras de gaiolas.
0x1a86b8,"O que foi? Quero dizer, parece bem auto-\n"
0x1a86e7,"explicativo, mas tem algo de errado nisso?\n"
0x1a8717,isso?
0x1a871b,"Sim. Na prática é basicamente a mesma coisa,\n"
0x1a8748,"só que em vez de aves, são bestas ferozes\n"
0x1a8779,dessas.
0x1a8784,É extremamente violento e não param\n
0x1a87b2,até o oponente morrer. Popular em alguns\n
0x1a87e0,"partes, mas..."
0x1a87ee,Mas?
0x1a87f3,É ilegal trazer esses insetos para a\n
0x1a881f,"capital. Se escaparem e se reproduzirem, saem do\n"
0x1a8850,fora de controle.
0x1a885c,Não vou mentir... Isso é ruim. Muito ruim.
0x1a8884,"Na época do meu pai, algo parecido\n"
0x1a88af,"aconteceu. Um desses insetos de luta escapou,\n"
0x1a88df,e se aninhava nos esgotos.
0x1a8905,"Um inseto carnívoro desse tamanho precisa de comida, e...\n"
0x1a893a,Bom. Acho que não preciso nem explicar\n
0x1a8966,a mensagem.
0x1a896f,Isso...
0x1a8979,"Conseguiram exterminar, mas houve muitas\n"
0x1a89ac,vítimas. Dá pra imaginar o estrago que foi\n
0x1a89df,era.
0x1a89e7,Tiveram que tirar crianças meio devoradas do sofrimento\n
0x1a8a15,miséria... Pai só falava disso quando estava\n
0x1a8a46,embriagado. Não consigo esquecer aquele vazio nos seus olhos.
0x1a8a78,Eu... entendo.
0x1a8a82,É pesado demais. Não sei o que posso\n
0x1a8ab3,dizer a ele...
0x1a8ac1,Olho ao redor e vejo que não são só insetos. Tem\n
0x1a8af3,há todo tipo de criatura perigosa lá dentro.
0x1a8b22,Então assumo que era isso o contrabando que\n
0x1a8b50,estavam procurando...
0x1a8b64,Acho que temos prova concreta. Deve ser\n
0x1a8b97,"é suficiente pra apanhar o cara, né?"
0x1a8bb6,"Eu... acho. Não, ainda não é suficiente.\n"
0x1a8be2,posso precisar cavar mais fundo.
0x1a8c07,É sério? Não tem como ele escapar\n
0x1a8c3a,disso... O que mais você precisaria?
0x1a8c63,"Acredite em mim, ele é... surpreendentemente astuto."
0x1a8c8b,"Não, não é isso. Ele despeja um monte de\n"
0x1a8cb9,desculpas infantis até dar dó de ouvir\n
0x1a8ce5,para ele...
0x1a8cef,"De qualquer forma, vai ser difícil pegá-lo\n"
0x1a8d1f,com isso sozinho.
0x1a8d35,Vamos subir. Melhor não ficar\n
0x1a8d67,aqui por muito mais tempo.
0x1a8d79,Tudo bem. Acho que não dá pra fazer muito aqui.\n
0x1a8dad,"Mas luta de inseto, é?"
0x1a8dc6,Fico um pouco curioso e dou uma espiada\n
0x1a8df3,dentro das gaiolas...
0x1a8e07,Inseto
0x1a8e0b,SSSSSSSSSSSSSS!!
0x1a8e1c,Ai!
0x1a8e21,"Argh, doeu... Você... maldito inseto! Pulando\n"
0x1a8e52,acordar e me assustar desse jeito...
0x1a8e71,Algum problema?
0x1a8e82,"Não, só bati em alguma coisa...\n"
0x1a8ea7,Vou estar aí em um segundo.
0x1a8ebe,"Gah!? Seu covardão sem espinha... quer dizer, invertebrado!\n"
0x1a8ef2,Quem você pensa que sou? Aposto que eu consigo\n
0x1a8f21,você...
0x1a8f28,Humph. Tanto faz. Não é que você possa fazer\n
0x1a8f57,naquela gaiola e tudo...
0x1a8f6f,"Tá de sorte, estou com pena hoje, então\n"
0x1a8f9f,vou deixar passar... Aproveite sua vida\n
0x1a8fce,durar.
0x1a8fd8,Tratador
0x1a8fe2,"Ei, aqueles insetos ainda estão vivos?"
0x1a8ffe,Heh. Parece que todos estão bem agitados.
0x1a902d,"Bem, a gente só dava comida suficiente pra\n"
0x1a905c,mantê-los vivos. Devem estar com muita fome...\n
0x1a9087,prontos pra matar.
0x1a9096,"Heh heh heh... Bom, eles podem se matar\n"
0x1a90c6,à vontade deles em breve.
0x1a90ec,Vamos terminar o serviço e contar quantos\n
0x1a911c,sobraram. Alguns provavelmente já bateram as botas\n
0x1a914b,já.
0x1a9154,"Entendido. Eu fico no fundo, você verifica\n"
0x1a9183,área.
0x1a9189,"Ugh, que saco... um, dois, três...\n"
0x1a91bd,Hein? Sumiram? Onde é que--\n
0x1a91e1,"Ei, estão faltando alguns!"
0x1a91fa,"E-Ei! Merda, tá ruim...! Falta muita coisa!\n"
0x1a922b,Devem ter aberto a gaiola e escapado de alguma forma!
0x1a925b,Falta aqui também! Mas essas gaiolas\n
0x1a928d,"não abrem sem essa alavanca ser-- Minha nossa,\n"
0x1a92bb,está solto!?
0x1a92c7,Isso é sério... Muito sério! Significa que todas as gaiolas\n
0x1a92fb,do barco estão abertos! C-Isso não pode estar acontecendo!
0x1a932d,sair daqui e avisar o...
0x1a9358,O que há...? Por que ficou tão quieto...?
0x1a9384,A-Atrás de você. Veja...
0x1a939a,Atrás de mim...?
0x1a93a8,Gah!?
0x1a93ae,GYAAAAAAAAHHH!
0x1a93bd,"Eu sou Dekopompo, seu mestre de cerimônias\n"
0x1a93ed,a noite! Agradeço a todos por comparecerem!
0x1a941a,Convidados
0x1a9421,Viva!
0x1a9429,Ilustres convidados! Preparei\n
0x1a9456,entretenimento emocionante e iguarias de\n
0x1a9485,por toda parte.
0x1a9493,"Senhoras e senhores, aproveitem à vontade!\n"
0x1a94c1,contente! Nyeh peh peh peh peh!
0x1a94e0,Viva!!!
0x1a94ea,"Nossa, isso realmente é algo de especial..."
0x1a9516,"Enquanto o anfitrião anima a plateia, um delicioso\n"
0x1a9546,prato após prato é carregado pelo\n
0x1a9575,corredor.
0x1a957b,"Montanhas de carne e peixe saborosos, e enormes\n"
0x1a95ac,taças de cristal cheias de bebida após\n
0x1a95da,bebida...
0x1a95e3,"Bem, é oficial. Isso realmente valeu a pena."
0x1a9613,A questão é: qual é nosso primeiro passo\n
0x1a9641,"vou--{W420}Cara, você está me ouvindo?"
0x1a966e,"Você realmente parece distraído hoje, Ukon."
0x1a9695,Hein?
0x1a969a,"Não sei se tem algo errado, mas parece\n"
0x1a96c9,parece que você está se apressando muito nisso.
0x1a96f8,Normalmente você falaria 'Não briga com\n
0x1a9729,barriga vazia!' e comia antes de começar.\n
0x1a975b,trabalho feito.
0x1a9765,Hmm...
0x1a976c,"Ah, desculpa. Não estou reclamando, não.\n"
0x1a979b,Só parece estranho mesmo.
0x1a97b3,"Normalmente você é tranquilo, como se tivesse tudo\n"
0x1a97e5,sob controle mesmo brincando.\n
0x1a980e,Mas essa noite...
0x1a981d,Parece que você está com a cabeça num lugar só\n
0x1a984e,"nisto. Claro, talvez seja só impressão minha."
0x1a9874,Entendo...
0x1a987d,"Ah, não leve tão a sério.\n"
0x1a98a0,Acabei de lembrar.
0x1a98b8,"Não, você tem razão. Talvez seja isso...\n"
0x1a98e6,Acho que preciso de alguém pra apontar essas\n
0x1a9916,as coisas.
0x1a9922,Caramba... preciso me controlar. Lembrando de tudo\n
0x1a9956,meu Pai disse me deixou um pouco nervoso...
0x1a9982,"Bem, de qualquer jeito, vamos comer alguma coisa.\n"
0x1a99ac,Dizem que a gente não pensa direito quando está\n
0x1a99dc,com fome.
0x1a99e4,"Heh, é isso aí. Vamos encher a barriga primeiro...\n"
0x1a9a17,Devemos ter tempo suficiente para isso.
0x1a9a3c,"Não dá pra lutar com fome, afinal."
0x1a9a68,"Bom, se é esse o plano...\n"
0x1a9a86,Vamos comer!
0x1a9a94,Pego a perna de ave gigante que estava de olho\n
0x1a9ac6,"há um tempo, e se preparar pra atacar--"
0x1a9af1,Grupo
0x1a9af6,AHHHHHHHHH!
0x1a9b02,AHHHHHHHHHHHHH!
0x1a9b11,...Mas que--
0x1a9b1a,Mas paro quando ouço gritos lá de baixo.
0x1a9b45,Que diabo eles estão gritando lá embaixo?
0x1a9b76,Hmm. Talvez o grande evento esteja começando.
0x1a9ba1,"...Atração principal...? Ah, a briga de insetos.\n"
0x1a9bca,Esqueci completamente pra que estamos aqui.
0x1a9bf8,Convidado
0x1a9bfe,AHHHHHHHHHHHHHHH!
0x1a9c0f,Q-Que diabo!? AHHHHHHHHHHHHH!
0x1a9c2f,Uau... Olha a quantidade de insetos saindo de\n
0x1a9c5e,lá embaixo...
0x1a9c67,"P-Por favor, ajudem meeeeeeee!"
0x1a9c81,Alguém! Por favor! Ajudaaaa!
0x1a9c9e,Q-Que diabo está acontecendo!?
0x1a9cbc,Deve estar brincando!
0x1a9cd2,...Ah... Acho que entendi agora.\n
0x1a9cf3,"Maldição, quase me pegavam!"
0x1a9d0d,Isso deve ser um pequeno show para animar a\n
0x1a9d3b,"indo. Uf, realmente quase me pegavam..."
0x1a9d64,...Quê?
0x1a9d6d,Mas esses caras estão realmente entrando no clima.
0x1a9d98,Aquele velho ali parecia estar de verdade\n
0x1a9dc7,"correndo pela vida--Meu Deus, um Boro-Gigiri!?"
0x1a9df8,Um espetáculo...?
0x1a9e03,Estão loucos...? Por que trariam uma dessas\n
0x1a9e35,também aqui!?
0x1a9e47,"O-Oi, isso tá ficando pesado demais pra\n"
0x1a9e77,só um espetáculo...
0x1a9e86,Acho que entendo por que isso é tão popular.\n
0x1a9eb4,"Depois disso, qualquer show normal pareceria\n"
0x1a9ee4,seria bem entediante.
0x1a9ef4,É-É...
0x1a9efe,"Então... só um espetáculo, né...?"
0x1a9f18,Tenho que dar crédito ao gorducho.\n
0x1a9f3a,Ele tem dom para o dramático.
0x1a9f5d,Não sabia que ele era tão bom nisso...\n
0x1a9f81,Estou de fato impressionado.
0x1a9f99,Um espetáculo...
0x1a9fa3,Domador de insetos
0x1a9fad,Merda! Um dos cuidadores deve ter\n
0x1a9fd7,esqueceu de fechar a gaiola...
0x1a9ff4,Pra que diabos servem esses inúteis!? Não conseguem\n
0x1aa026,manter uns insetos miseráveis numa gaiola...
0x1aa048,Dois homens com roupas estranhas se postam diante do\n
0x1aa075,Boro-Gigiri.
0x1aa082,Quem são elas?
0x1aa08f,Domadores. Dizem que são bons em lidar com\n
0x1aa0c1,insetos como esses...
0x1aa0d4,"Ah, então o plano é acalmar os bichos e\n"
0x1aa103,fazer a plateia torcer por eles. Alguém pensou\n
0x1aa133,isso!
0x1aa141,Calma... Não há nada a temer.\n
0x1aa172,Nada para temer.
0x1aa183,"Puxa, estão acalmando os insetos de verdade."
0x1aa1b1,Sim. Parece que realmente podem consertar isso...
0x1aa1e2,"Sim, bom. Muito bom."
0x1aa1f8,"Agora, voltem pra seu--"
0x1aa20e,Boro-Gigiri
0x1aa21a,*CRUNCH* *SNAP* *Drip*
0x1aa231,...Hein?
0x1aa23d,Isso foi... muito mais espetacular do que esperava...
0x1aa269,Ela... claramente arrancou a cabeça dele. E agora...\n
0x1aa29b,comendo...
0x1aa2a5,Que DIABO!?
0x1aa2b5,Pra que serviam mesmo!?\n
0x1aa2d6,Estão sendo comidos de verdade!
0x1aa2f2,Isso não é show... Os bichos fugiram do\n
0x1aa323,gaiolas.
0x1aa32a,Hom
0x1aa32e,AAAHHHH! Sai de perto de mim!\n
0x1aa34a,Saiam daaaaaaaí!
0x1aa35d,Mulher
0x1aa363,"Socorro! Por favor, alguém!\n"
0x1aa37c,Soooooocorro!
0x1aa389,Eles... estão atacando os outros convidados no\n
0x1aa3ba,do navio agora.
0x1aa3c8,Os bichos vindo dos porões começam a\n
0x1aa3f9,se agitar. A situação inteira está saindo do\n
0x1aa42a,de controle...
0x1aa435,Espera. Onde diabos está Dekopompo!?\n
0x1aa45b,Como ele pensa em resolver essa bagunça?
0x1aa481,"Garoto, fica claro que você não conhece Dekopompo.\n"
0x1aa4aa,Ele correu no segundo que desviamos a atenção.
0x1aa4d9,Quê!? Então ele largou todos esses convidados\n
0x1aa50b,ele convidou?
0x1aa517,"Bom, é mais conveniente pra gente ele sumir.\n"
0x1aa549,Agora ele não nos atrapalha.
0x1aa566,"Bom, eu prometi. Pode correr se quiser,\n"
0x1aa599,miúdo.
0x1aa59e,"Ukon... e agora, o que você vai fazer?"
0x1aa5c6,Vou ajudar os sobreviventes a escapar.\n
0x1aa5f0,"Se chegarmos ao convés, deve ter\n"
0x1aa61d,barcos de fuga.
0x1aa62e,"*Suspiro*... Se eu corresse agora, a culpa me mataria.\n"
0x1aa661,Seja como for... Vou até o fim.
0x1aa68b,"Valeu. A ajuda é bem-vinda. Vamos logo,\n"
0x1aa6bc,galera lá pra cima enquanto os bichos estão brigando\n
0x1aa6ec,um ao outro.
0x1aa6f8,Ufa... Deve ter sido o último. Acho\n
0x1aa72a,conseguimos tirar todos os convidados.
0x1aa74b,Como você está tão calma? Mandamos o\n
0x1aa77a,último bote. Como é que NÓS vamos sair\n
0x1aa7a8,isso!?
0x1aa7af,O que queríamos fazer? O bote estava cheio.\n
0x1aa7e2,"Se entrassem, afundaríamos de verdade."
0x1aa80f,"E além disso, tenho um trabalho a fazer."
0x1aa838,Aqui também não... E por baixo aqui...?\n
0x1aa867,"Não, não..."
0x1aa86f,"Desculpa por te arrastar, miúdo."
0x1aa892,Que nada! Você tem implicância\n
0x1aa8c0,pra mim ou algo assim?
0x1aa8d5,Claro que não. Não sei como vou\n
0x1aa8ff,"obrigado mesmo por toda ajuda, miúdo."
0x1aa921,"Quer dizer, você ficou pra me ajudar\n"
0x1aa94c,rastrear provas!
0x1aa961,Não vai aparecer oportunidade melhor que essa.\n
0x1aa993,Preciso achar enquanto posso.
0x1aa9b9,E ter que procurar tudo sozinha seria\n
0x1aa9e7,foi bem difícil.
0x1aa9f8,Droga. Devia ter vazado logo de\n
0x1aaa29,no começo de tudo isso... Hein?
0x1aaa4d,Um registro de todos os convidados... e uma lista de\n
0x1aaa7f,os bichos a bordo... É isso que você procura\n
0x1aaaaf,pra?
0x1aaab4,"Ótimo! Bom trabalho, garoto! Parece que o vento\n"
0x1aaae3,estava às nossas costas hoje.
0x1aaafa,Humph... Sinto mais que estou me\n
0x1aab29,num furacão...
0x1aab39,"Gah! Merda, parece que nos viram aqui."
0x1aab68,Muito bem. Eu diria que acabou por aqui. Vamos\n
0x1aab9a,nos esvair daqui.
0x1aabb1,Quê--Ei! Não me deixa para trás!
0x1aabd1,"Quando estou saindo, noto uma estátua dourada--\n"
0x1aac03,"brega, seminua, do tamanho de duas\n"
0x1aac31,punhos.
0x1aac38,"...Não é bem meu estilo, mas pode valer\n"
0x1aac68,"muito. Depois de tudo que passei, mereço\n"
0x1aac97,souvenir.
0x1aaca1,"Nnh... Argh, é pesado..."
0x1aacbf,"Guardo a estátua dourada na minha faixa,\n"
0x1aace8,tentando impedir que caia.
0x1aad0c,"O que você tá FAZENDO, garoto!?\n"
0x1aad27,Estão vindo!
0x1aad37,"Merda. Tudo bem, deusa dourada, se você pode\n"
0x1aad68,"me protege, agora é a hora..."
0x1aad86,Precisamos chegar ao convés. Se conseguirmos\n
0x1aadb6,"lá fora, a gente consegue--"
0x1aadc8,SSSSSSSSSS!
0x1aadd4,"Quando tentamos chegar ao convés, um\n"
0x1aadfe,"Um Boro-Gigiri aparece, bloqueando nosso caminho."
0x1aae26,Também ouvimos barulho de arrastar pelo\n
0x1aae55,"do chão, um pouco atrás de nós."
0x1aae75,"Droga, estamos cercados...\n"
0x1aae93,E estávamos tão perto...
0x1aaeab,Não vamos conseguir sair para o convés a não ser\n
0x1aaedc,passar por esse Boro-Gigiri.
0x1aaefa,Mas isso seria suicídio. Não tem como\n
0x1aaf2c,passar ileso por isso...
0x1aaf4d,Se ao menos tivéssemos como distraí-lo por um\n
0x1aaf7d,o suficiente...
0x1aaf87,"Eu os seguro, miúdo. Você tem que correr enquanto\n"
0x1aafb6,você ainda tá--
0x1aafc2,Ukon!
0x1aafc8,Aponto para o suporte de lamparina que estava\n
0x1aaff6,perto de nós.
0x1aafff,Conta regressiva a partir do três.\n
0x1ab018,Você tá pronto?
0x1ab028,...Sim.
0x1ab031,Três...
0x1ab03a,Dois...
0x1ab041,uma...
0x1ab048,Haku & Ukon
0x1ab054,Vai!
0x1ab05f,Pegamos a lamparina e a arremessamos no Boro-\n
0x1ab08c,Gigiri.
0x1ab094,SSSSSSSSSSSS!
0x1ab0a2,Acerta o Boro-Gigiri no ângulo perfeito\n
0x1ab0d6,espalhando óleo por toda parte — pegando fogo quase\n
0x1ab107,na hora.
0x1ab114,SSSSSSSS! SSSSSSSSSSSS!
0x1ab12c,"O Boro-Gigiri se debate e se contorce, com chamas\n"
0x1ab15b,percorrendo o corpo. Tudo queimando...
0x1ab173,Sim! Conseguimos!
0x1ab183,O agito do Boro-Gigiri parece estar espalhando\n
0x1ab1b7,o fogo no convés. Tudo queimando...
0x1ab1e9,...Que droga.
0x1ab1f2,CLARO que tivemos que fazer isso em cima de\n
0x1ab222,"um convés altamente inflamável. Bom, acabou\n"
0x1ab251,do navio.
0x1ab25f,Por que você está tão tranquilo assim!?\n
0x1ab288,Não temos barcos de fuga!
0x1ab2a3,"Ei, miúdo, nada nado?"
0x1ab2c1,Você tá falando sério--
0x1ab2d8,"Se não temos barcos, é só nadar.\n"
0x1ab308,A costa não fica TÃO longe.
0x1ab327,Tá de brincadeira!? Com esse frio!?\n
0x1ab34a,...Droga. Então as opções são congelar até morrer\n
0x1ab37d,ou queimar vivo?
0x1ab38f,Bwahahahaha!
0x1ab39c,DROGA MESMO!
0x1ab3a7,Nós dois corremos no convés até a lateral.
0x1ab3d6,"Ao chegarmos à lateral do barco, os dois\n"
0x1ab407,pulamos para o rio.
0x1ab41c,"...E afundo como pedra, no fundo da água\n"
0x1ab44e,fundos.
0x1ab456,Blblblb!? Blb blblbl blb!?
0x1ab471,Enquanto sinto que estou sumindo e o torpor\n
0x1ab4a4,"toma conta, vejo a estátua dourada sorrindo diante\n"
0x1ab4d7,faixa.
0x1ab4dd,Ou assim pensei...
0x1ab4f0,"Guh, hah, pfah...\n"
0x1ab506,"*Tossindo, tossindo, tossindo*"
0x1ab51c,"Demorou um pouco, miúdo. Estava ficando quase\n"
0x1ab54f,me preocupei quando você não subia.
0x1ab573,Arre... arre... arre...
0x1ab58b,Hm? O que foi da estátua da deusa\n
0x1ab5b6,você tinha?
0x1ab5bf,Deusa nada! Se eu não tivesse jogado aquilo fora\n
0x1ab5ef,"quando joguei, teria afogado feito um\n"
0x1ab61c,rato!
0x1ab621,Achei que vi aquela coisa me chamando para\n
0x1ab650,a escuridão!
0x1ab65e,"Hm... Não teria imaginado que era de verdade,\n"
0x1ab68c,mas talvez os boatos fossem verdadeiros.
0x1ab6ac,...Boatos?
0x1ab6b7,Vejamos... Ouvi um rumor de que Dekopompo\n
0x1ab6eb,achou uma estátua de deusa que traz aos donos\n
0x1ab71e,azar.
0x1ab728,Talvez aquela deusa fosse a que você pegou.
0x1ab756,"Afinal, vê o que aconteceu com o barco."
0x1ab784,Ukon balança a cabeça na direção\n
0x1ab7b3,do navio.
0x1ab7c0,Aquela coisa tá em chamas.
0x1ab7db,Aquela barcaça magnífica não passa de uma bola de\n
0x1ab80a,chamas agora. As chamas pintam o céu noturno de\n
0x1ab839,vermelho vívido.
0x1ab844,Ainda bem que você não se deixou levar pela beleza.\n
0x1ab875,"Do jeito que você é, talvez a deusa tenha gostado\n"
0x1ab8a4,"com você, hein?"
0x1ab8b0,Um sorriso enigmático cruza seu rosto.
0x1ab8d2,"Espera, aquela visão que vi...?"
0x1ab8f3,Não... não pode ser...
0x1ab906,"Após algum esforço, finalmente chegamos à margem.\n"
0x1ab938,A área toda está em pânico por causa do\n
0x1ab965,fogo do navio.
0x1ab972,"Uf, tô começando a me sentir vivo de novo..."
0x1ab99c,Um dos subordinados de Ukon nos trouxe roupas\n
0x1ab9cc,"novas, mas o ar frio da noite na Capital\n"
0x1ab9fd,é áspero.
0x1aba07,Me aproximo de uma fogueira perto da margem\n
0x1aba38,pra me aquecer.
0x1aba4b,"Quanto a Ukon, ele espera a Guarda da Capital\n"
0x1aba7e,chegar ao local. Disse que viria se juntar a mim\n
0x1abaad,depois.
0x1abab4,O barco em chamas ainda é claramente visível no\n
0x1abae1,luar.
0x1abaec,"Não tenho mais nada para fazer, então simplesmente\n"
0x1abb1a,observo até o navio se partir e afundar no\n
0x1abb49,o rio.
0x1abb54,"Com o espetáculo encerrado, os curiosos vão embora,\n"
0x1abb84,e a área fica em total silêncio... como se nada\n
0x1abbb5,aconteceu.
0x1abbc4,"Depois de um tempo, ouço passos leves\n"
0x1abbec,aproximando.
0x1abbf9,"Puxa, que dia foi esse, hein?\n"
0x1abc19,"Obrigado por tudo que fez, miúdo."
0x1abc38,Tá tudo feito?
0x1abc46,É. Evacuar todos os convidados nos poupou muita\n
0x1abc77,de encrenca no final.
0x1abc8e,Daqui pra frente é serviço da Guarda da Capital.\n
0x1abcbb,Expliquei a situação e deixei o resto\n
0x1abce9,os chama.
0x1abcf2,Eu só fiz o que era preciso fazer.
0x1abd1c,Ukon bate no casaco enquanto diz isso... O\n
0x1abd48,bolso com a evidência que conquistamos a duras penas.
0x1abd71,"Mais importante, miúdo, você pode me dizer o que\n"
0x1abd9f,isso aqui é?
0x1abda8,Com isso Ukon levanta uma garrafa bem grande.
0x1abdd5,"O frasco em si é branco e de cerâmica, com\n"
0x1abe04,"um desenho esmaltado azul. Só com isso, consigo\n"
0x1abe35,se percebe que é bebida cara.
0x1abe50,Cadê você arrumou--
0x1abe60,"Eh, achei lavado na margem. Parece que nem tudo\n"
0x1abe8d,no navio foi pego pelo\n
0x1abeb8,chamas.
0x1abebf,"Depois de todo aquele caos, ele foi parar aqui\n"
0x1abef2,"nossos colos. É só justo brindarmos com ela, né?"
0x1abf1e,Ele sorri largo e me joga um copo.
0x1abf42,"Afinal, prometi bebidas para você, mas não\n"
0x1abf74,nem consigo provar dessa comida cara.
0x1abf99,Trouxe uns petiscos pra acompanhar também.\n
0x1abfbf,"Nada que chegue ao nível do Dekopompo,\n"
0x1abfed,"festim, mas de boa qualidade."
0x1ac004,"Sei que isso não vai compensar muita coisa,\n"
0x1ac031,"mas enfim. É o sentimento que importa, né?"
0x1ac05f,"...Não sei. Do seu jeito, é bem bom mesmo."
0x1ac08f,Fico feliz em ouvir.
0x1ac0a0,Ukon me oferece a garrafa.
0x1ac0bb,Ergo minha taça e ele me serve uma\n
0x1ac0ea,líquido âmbar lindo.
0x1ac102,Aqui está.
0x1ac10f,"Pego a garrafa, e ofereço ao Ukon."
0x1ac13d,de nada.
0x1ac145,"Bem, de qualquer forma--"
0x1ac159,Saúde.
0x1ac161,O tilintar das duas taças ecoa com um\n
0x1ac18e,paz estranha na noite calma.
0x1ac1b8,Ufa.
0x1ac1be,Os dois acabamos a bebida e soltamos suspiros de\n
0x1ac1f0,satisfação.
0x1ac1fe,É uma boa bebida...
0x1ac218,"...É, bom mesmo."
0x1ac22c,"Não sou fã da decoração daqui, mas\n"
0x1ac25c,sua comida e bebida são boas mesmo.
0x1ac285,"Tenho que me preocupar com o bolso quando bebo,\n"
0x1ac2b5,enquanto esse gorducho aproveita essa qualidade...
0x1ac2e3,A gente vive num mundo cruel.
0x1ac302,"Heh heh... Olha só, garoto. A lua encheu\n"
0x1ac334,ficou tudo certo hoje.
0x1ac34b,Beber e curtir o luar assim\n
0x1ac37b,"com um amigo... Isso sim é luxo de verdade,\n"
0x1ac3aa,não é verdade?
0x1ac3b8,Ukon olha com carinho para uma meia-lua perfeita.\n
0x1ac3e7,Parece um dos nossos copos.
0x1ac40d,"Pena que não está cheia, mas daqui a uns dias\n"
0x1ac440,vamos ver em todo seu esplendor...
0x1ac46d,"Ei, lua cheia não é o único tipo bom.\n"
0x1ac495,Eu gosto de ver tanto a luz\n
0x1ac4c5,e a sombra.
0x1ac4d5,E também lembra um pouco essas\n
0x1ac505,taças. É como se estivéssemos bebendo com a\n
0x1ac537,"lua, hein?"
0x1ac542,...Hahahaha!
0x1ac54f,Não te via como poeta. Mas agora que você\n
0x1ac57f,"fale nisso, parece mesmo um copo."
0x1ac5a4,Heh... Luz e sombra. Parece com certo\n
0x1ac5d6,alguém que conheço.
0x1ac5e6,Tem um rosto que ilumina tudo ao redor\n
0x1ac615,mas também um lado sombrio. Qual será o verdadeiro\n
0x1ac647,é o rosto dele de verdade.
0x1ac659,Quem sabe...? Oshtor e Ukon...\n
0x1ac67c,Nenhum dos dois é uma pessoa completa.\n
0x1ac6a0,Não sozinhos.
0x1ac6b2,"Ukon murmura baixinho, como se falasse mais\n"
0x1ac6e3,"para si. Fica em silêncio por um tempo, olhando\n"
0x1ac711,pro céu.
0x1ac71a,"...Ei, garoto. Tem uma coisa que quero te perguntar.\n"
0x1ac74e,Não precisa responder se não quiser.
0x1ac77d,Hein? Que pergunta essa de repente?
0x1ac79e,Como é... não ter nenhuma memória do seu\n
0x1ac7d0,do passado? Você quer elas de volta?
0x1ac7f2,"Ah, isso? Bom, é... Sabe, é\n"
0x1ac81d,nunca me incomodou antes.
0x1ac83f,"E querer as memórias de volta... Quer dizer, estou\n"
0x1ac86d,bem satisfeito com como minha vida está indo\n
0x1ac89a,sem elas.
0x1ac8a8,"Além disso, as memórias que voltar podem não\n"
0x1ac8d5,"nem sempre seriam boas, sabe?"
0x1ac8f9,"Haha... Típico, uma resposta dessas\n"
0x1ac927,"de você, garoto."
0x1ac936,"Eu mesmo não sou inteiro, com aquela enorme\n"
0x1ac966,"lacuna no meu passado, mas estou vivo e\n"
0x1ac994,Tá.
0x1ac99a,E não ter passado significa que não preciso agir\n
0x1ac9cd,"duas partes diferentes, como você."
0x1ac9ef,Verdade...
0x1ac9f7,Acho que somos parecidos nesse ponto.\n
0x1aca1a,Nenhum de nós parece ser gente completa.
0x1aca46,"Claro, diferente de você, eu tenho uma família que\n"
0x1aca78,"chamar de meu, então talvez eu fique um pouco melhor."
0x1acaa7,"Ukon olha pensativo para o longe, bebendo\n"
0x1acadb,de sua garrafa no silêncio.
0x1acaf8,Então... você alguma vez sente medo por não ter\n
0x1acb29,para cair de volta?
0x1acb43,Não muito. Já me acostumei.\n
0x1acb63,"A vida acontece, né?"
0x1acb80,Heh... Eu invejo você por essa atitude.
0x1acbac,Inveja?
0x1acbb2,"Pode não parecer, mas sou de família nobre.\n"
0x1acbe5,"Uma pobre mesmo, da zona rural."
0x1acc12,"Tinha eu, minha mãe, Nekone, e meu pai."
0x1acc3c,"Meu pai era rígido, mas bondoso... Dedicava todo seu\n"
0x1acc6e,tempo ao povo. Realmente os compreendia.\n
0x1acc9e,Ele era meu herói.
0x1accae,Me treinei para ser como ele um dia.\n
0x1acce1,"Estudando, rachando a cabeça, trabalhando..."
0x1acd13,"Nunca achei pesado, na verdade.\n"
0x1acd38,Só sentia orgulho.
0x1acd4e,Segui o legado do meu pai até a\n
0x1acd7c,capital imperial... e depois de muita\n
0x1acda7,"coincidências, sou Guarda Imperial da Direita."
0x1acdda,"Mas como te disse, descobri que havia muito mais\n"
0x1ace0d,e mais coisas que Oshtor não consegue fazer.
0x1ace3b,E por isso você começou a fazer o papel de\n
0x1ace6c,"Ukon. Sim, lembro você falar disso."
0x1ace9b,"Heh, é. Foi estranho no começo, mas\n"
0x1acecc,percebi que Ukon era bem mais próximo do meu ideal\n
0x1acefc,meu pai.
0x1acf04,Foi... a vida de Ukon que eu sempre busquei\n
0x1acf35,de todos esses tempos. Não de Oshtor.
0x1acf59,Mas não posso simplesmente largar os deveres que\n
0x1acf88,"agora... Ah, só tô desabafando."
0x1acfa8,A clássica história de ascensão. Só que você\n
0x1acfd7,vê tudo isso como uma série de coincidências...\n
0x1ad003,"Meio iônico, né."
0x1ad013,"Mas com você por perto, acho que estou mesmo\n"
0x1ad03f,curtindo mais ainda.
0x1ad055,De onde saiu esse aí?
0x1ad071,"Se fosse sozinho, podia ter vazado tudo,\n"
0x1ad0a3,"e virado uma bagunça enorme. Mas graças a você,\n"
0x1ad0d3,"tudo organi-sado, arrumadinho e limpim."
0x1ad0ef,Então... só me veio à cabeça.
0x1ad10b,"Seja lá qual obstáculo apareça no caminho, contanto que\n"
0x1ad13c,"estiver comigo, vou superar. De jeito nenhum."
0x1ad168,Então... o quê? Vai me arrastar\n
0x1ad196,junto em mais planos loucos como hoje?
0x1ad1bc,Hahaha!
0x1ad1c4,"""Hahaha"" nada! Eu fiz uma pergunta de verdade."
0x1ad1f2,Gahahahahaha!
0x1ad200,"E a gente conversa assim, rindo e\n"
0x1ad22f,"bebendo, até o amanhecer."
0x1ad59c,"Bom, acho que devo ir.\n"
0x1ad5b8,Sabe como meu irmão fica quando me atraso.
0x1ad5e4,Mulher
0x1ad5ea,Você está enfiando o nariz em umas coisas estranhas\n
0x1ad618,"nos negócios de novo, é?"
0x1ad637,"Puxa, rude. Para sua informação, estou saindo\n"
0x1ad66a,em missão muito nobre.
0x1ad683,Eu me preocupo mesmo... Você não precisa ficar aqui.\n
0x1ad6b7,Você sempre pode...
0x1ad6c9,...Sabe que pode voltar quando quiser.
0x1ad6f0,Deixamos seu quarto do jeito que você deixou...\n
0x1ad71e,tenho limpado todo dia também.
0x1ad749,...Mas o Chii fica entrando e desenhando nas coisas\n
0x1ad77a,pelas paredes de tempos em tempos.
0x1ad79a,Mas não nos incomodaria nada.
0x1ad7bc,Bom...
0x1ad7c4,"...É, talvez. Quando esse negócio todo acabar\n"
0x1ad7f6,vou... pensar um pouco sobre.
0x1ad81a,Ela provavelmente sabe que eu só estou dizendo isso pra\n
0x1ad848,afastá-la de mim... Não consigo olhar nos olhos dela.
0x1ad876,...Você anda tão distante esses dias.
0x1ad89a,"Naquela época, parecia que você estava sempre\n"
0x1ad8c4,atrás dos dois de nós...
0x1ad8ec,O que aconteceu...?
0x1ad8fe,Isso...
0x1ad908,"É porque eu... Quer dizer, eu..."
